ZIP,Census Tract,Total Population,Longitude,Latitude,CES 4.0 Score,CES 4.0 Percentile,Ozone,Ozone Pctl,PM2.5,PM2.5 Pctl,Diesel PM,Diesel PM Pctl,Drinking Water,Drinking Water Pctl,Lead,Lead Pctl,Pesticides,Pesticides Pctl,Tox. Release,Tox. Release Pctl,Traffic,Traffic Pctl,Cleanup Sites,Cleanup Sites Pctl,Groundwater Threats,Groundwater Threats Pctl,Haz. Waste,Haz. Waste Pctl,Imp. Water Bodies,Imp. Water Bodies Pctl,Solid Waste,Solid Waste Pctl,Pollution Burden,Pollution Burden Score,Pollution Burden Pctl,Asthma,Asthma Pctl,Low Birth Weight,Low Birth Weight Pctl,Cardiovascular Disease,Cardiovascular Disease Pctl,Education,Education Pctl,Linguistic Isolation,Linguistic Isolation Pctl,Poverty,Poverty Pctl,Unemployment,Unemployment Pctl,Housing Burden,Housing Burden Pctl,Pop. Char. ,Pop. Char. Score,Pop. Char. Pctl,ghi_mean_across_years_x,ghi_mean_across_years_y
94002,6081608800.0,5471.8,-122.29140502,37.51627104000001,7.300798180041395,8.88048411497731,0.03190818,6.38456751711263,8.319164667399999,18.815183571873042,0.1373529726,39.48226509023026,301.14950074,24.253777944298722,46.904267302,47.2262129804663,0.0,0.0,188.86286520000002,33.13578394598648,1066.88197416,49.0425,9.25,45.11384845091452,43.760000000000005,56.72588411090818,0.282,38.81403044341496,0.8,9.96220075598488,0.54,15.386025200458201,29.261823518275996,3.5728628393246558,23.420037336652136,20.06,9.249750747756728,3.7439999999999998,25.183474467539117,5.708,2.7143569292123635,4.54,18.701594533029617,4.4,32.22086885911492,9.98,11.105527638190965,3.16,20.65330557001564,14.5,36.676806083650206,18.1270739591515,1.8803667480101978,7.173474533535059,206.24011245012184,206.24011245012184
94005,6081600100.0,5051.0,-122.4084093,37.6877413,28.0031618690561,54.9672213817448,0.03304924,7.51711263223398,8.564784648,24.704418170504,0.161463653,54.0012445550716,527.7371044,63.0073685525166,56.51740944,60.7813484562067,0.331393251,34.6206896551724,241.5193329,37.9594898724681,1654.010214,81.125,34.7,90.2388951101157,45.25,88.3612817532791,2.105,92.8788881535407,9.0,77.2994540109198,1.5,42.3138602520046,56.3825479431718,6.88429790463269,85.1026757934039,43.7,47.2083748753739,6.13,77.8034385424686,9.21,22.8190428713858,7.9,33.8901543912933,4.6,35.3363107321694,12.2,15.0251256281407,2.4,9.72149921915669,17.5,51.7743979721166,39.2132248424924,4.06768595098299,34.1401916288452,204.09549383834724,204.09549383834724
94010,6081605350.0,5345.0,-122.3633779375,37.5776171375,11.750642431026181,17.98411497730712,0.03419029,10.5662725575607,8.4790899065,22.842252644679526,0.178129372,51.55569383945241,423.1735987875,48.34519795179217,52.796935755,55.48834278512918,0.0,0.0,190.758540475,33.753750937734424,1032.2036386,52.4671875,2.75,21.918159761104874,27.23125,67.87315291383031,0.460625,57.64890800794178,8.25,71.33032339353214,1.86875,35.8848797250859,39.89525310479537,4.871202479727514,43.940572495332916,21.298750000000002,10.892323030907281,3.98,29.359122401847568,7.1125,8.642821535393828,3.9625,15.741268033409266,5.6,39.70598186493435,10.8125,13.544283919597989,4.5125,37.218571056741276,14.3375,36.03770595690747,22.373825577850475,2.320892921669274,11.597012102874439,222.2560226086077,222.2560226086077
94014,6081600667.111111,5493.777777777777,-122.4497089,37.69811801111111,24.206993033110855,45.55107300946939,0.03368315555555555,9.424047569660532,8.499074372,22.94959551960177,0.2359704511111111,62.44209361819815,422.8048499888889,47.34468451216296,58.727427606666666,62.76412518378491,0.14634355922222222,18.091954022988514,219.3158897222222,36.1479258703565,1019.7349104666666,48.88333333333333,9.427777777777777,32.55567998009209,10.805555555555555,44.8595199881934,0.32833333333333337,42.00308846238695,1.1111111111111112,9.972467217322324,1.4611111111111112,18.477790505281916,35.52854971272565,4.338028862911238,33.81732697227408,53.53,60.46859421734795,5.843333333333334,67.74441878367976,11.402222222222223,41.238783649052856,17.422222222222224,59.57844708793836,15.600000000000001,76.6214041894107,18.700000000000003,30.5248464544947,4.288888888888889,35.84938400138817,17.155555555555555,47.470778763554414,53.24645215802538,5.523387741071119,55.18154311649018,189.28805960873007,189.28805960873007
94015,6081601292.272727,5912.818181818182,-122.47962589999999,37.67920440909091,23.926510246110464,45.85912070783477,0.03419029,10.5662725575607,8.476736563181818,22.306952537195244,0.21969769754545457,63.982576228998134,354.58255831,33.75546396902709,56.12448324454545,59.74222374978519,0.014136451454545456,5.7178683385580005,187.04709001818182,33.22307849689695,1429.0493328272728,69.81363636363636,1.7363636363636366,12.009230038345379,18.586363636363636,61.31646868821035,0.4313636363636364,59.841164791528804,0.7272727272727273,8.77591539078309,1.309090909090909,22.969905237946485,35.8737896635461,4.3801825923316295,31.860609831985084,50.17454545454545,55.898214447566396,6.370909090909091,76.53206429187954,12.521818181818183,49.4493791353213,9.454545454545455,39.51588780745956,12.918181818181818,70.50898756136273,17.863636363636363,27.819780721790764,5.11,41.27928162415408,17.2,44.3968199101279,52.63052320265392,5.459495889058653,54.13629487003161,170.88203650365057,170.88203650365057
94019,6081613501.5,5930.0,-122.4474699,37.5302652,12.363457030821555,18.8918305597579,0.03304924,7.51711263223398,8.011445503500001,13.5096453018046,0.022095512,7.9464841319228405,421.3951679,47.776945172973655,33.98761724,29.47069943289225,609.385728945,83.1206896551724,151.17699815,29.457364341085253,1137.8785937,53.356249999999996,0.0,0.0,4.9,22.58010957994355,0.4,40.74784910655195,2.5,28.1184376312474,5.0,45.52119129438715,31.810771729815748,3.884088909657745,26.627255756067196,47.325,52.0127118644068,4.234999999999999,33.480882730305346,10.935,36.53414755732801,10.350000000000001,35.23158694001517,3.0,23.4605494654216,13.65,18.668341708542698,3.0,17.1134825611661,12.25,24.55640050697085,32.11008546550195,3.330859526537825,23.291729702471002,197.04085631363156,197.04085631363156
94022,6085510921.0,4334.6,-122.12242854000002,37.38020816,4.2253719837040915,1.9566313666162387,0.036613636,14.1381456129434,7.9816430164,13.535780958307402,0.1211511776,41.640323584318615,379.1280504,39.67528412638942,32.967448434,27.89413988657846,0.44499538980000003,17.21379310344828,296.15033568,40.14753688422106,1097.78128342,60.157500000000006,11.67,56.50989175065322,19.32,54.039515191764906,0.314,50.620780939775,2.8,31.045779084418342,0.0,0.0,34.01460647745796,4.1531766945986055,27.35034225264468,8.586,0.4162512462612161,3.2380000000000004,14.32127277392867,5.093999999999999,1.293619142572283,1.8800000000000001,6.25917489243229,3.78,29.62511841927188,6.28,3.62814070351759,3.3600000000000003,22.568974492451837,8.860000000000001,10.481622306717359,9.928160275232804,1.02987291233722,1.1951588502269304,217.38192171835232,217.38192171835232
94024,6085510301.0,4325.166666666667,-122.08672155,37.35833351666667,6.5542071786582135,6.13968734241049,0.03778414333333333,16.15847334577887,7.957329810666667,12.995229205559,0.12053710383333334,42.128189172370845,317.00066991666665,27.428083760043318,43.88090485166666,42.84604074774208,0.0,0.0,482.3759392833333,48.68717179294824,871.8783595,44.00416666666666,4.875,29.317531417195468,23.474999999999998,69.31484863578505,0.35000000000000003,51.6810059563203,4.5,47.50104997900045,0.0,0.0,32.7082419568125,3.9936698461101234,24.13814561294338,9.005,0.7519109338650716,4.735,46.64271661962192,6.18,4.781488866733142,2.0500000000000003,7.061503416856488,4.166666666666667,31.059683313032895,4.716666666666667,1.869765494137355,3.1166666666666667,18.980999479437813,8.466666666666667,11.324461343472748,15.725660708063755,1.631262141510993,4.708774583963691,205.6820067649547,205.6820067649547
94025,6081612430.2,4242.4,-122.18281721999999,37.4546047,11.276389223380779,16.514120020171458,0.03419029,10.5662725575607,8.0709966916,14.465463596764149,0.1969991281,57.04418170504046,392.29216539,42.42787560884226,58.545778899000005,61.68872085696281,13.922515712900003,15.272413793103448,127.7728663,26.577894473618397,1201.85354284,50.879999999999995,14.16,46.121687196715186,28.935000000000002,61.61713431844597,1.365,85.51819986763732,2.1,23.21083578328431,1.165,24.932416953035524,39.33692015726557,4.8030301377354325,41.27193528313628,26.988999999999997,20.04985044865404,3.896,27.245316910443933,6.9079999999999995,7.39157527417747,6.25,18.17767653758542,4.99,27.254026255244277,14.76,20.938442211055275,3.4299999999999997,24.98828735033837,14.969999999999999,37.68821292775666,22.0191216337439,2.284098593837376,12.464699949571353,202.14891945221245,202.14891945221245
94027,6081611450.0,3584.0,-122.19986399999999,37.45692115,4.777314511009475,2.7042360060514348,0.03419029,10.5662725575607,7.958801364999999,12.90603609209705,0.12531991,44.6048537647791,388.48186885,42.97489696515545,44.29040705,43.3837429111531,4.9461054475,30.10344827586205,122.05849964999999,25.84396099024755,577.02578625,26.6375,23.875,84.163867114595,28.0,77.69384027893075,0.6275,75.5526141628061,0.0,0.0,3.0,62.9324169530355,39.7745751970291,4.856467731159425,42.3584318606098,11.55,1.31480558325025,2.355,4.1634590710803145,4.59,0.498504486540379,1.65,4.486206023791445,1.5,11.8825280822845,6.35,4.767587939698494,4.75,41.2220197813639,10.3,21.673003802281382,9.399262753087145,0.9750090487049099,0.876197680282399,201.11883004491935,201.11883004491935
94028,6081613200.0,7148.0,-122.2158436,37.3697092,5.13996726224334,3.26525466464952,0.03521715,11.5619166148102,7.591907005,10.1929060360921,0.014592409,5.40136901057872,446.7620543,53.690520794305,39.69204731,36.7233774417139,0.898085723,42.2068965517241,193.7203369,34.1085271317829,714.8397381,37.375,0.0,0.0,24.0,73.5347833305662,0.25,43.2958305757776,5.0,51.2179756404872,2.0,52.8980526918671,34.0014856143305,4.15157463981693,26.5836963285625,9.6,0.672981056829511,4.04,27.5981524249423,5.03,1.08424725822532,3.7,14.7810680840294,2.2,17.2553796183516,5.3,1.88442211055276,3.2,19.5861530452889,10.7,16.9201520912548,11.9352809516139,1.2380765632748,1.72718103883006,211.28153365356368,211.28153365356368
94030,6081604650.0,3770.8333333333335,-122.40366318333334,37.599275983333335,13.665917721625293,21.913346780971597,0.03419029,10.5662725575607,8.449868437666666,21.785936527691366,0.14120547133333333,38.8384152665422,330.3158362166667,30.823029848882253,50.31614377166667,52.03318630539803,0.0,0.0,180.12822298333333,32.64982912394765,1305.33954385,66.75416666666666,4.575,30.536891875077753,28.825,54.29464829265592,0.49,53.750275755570264,6.0,51.5329693406132,0.0,0.0,33.795222042318535,4.126389898644269,30.255133789670197,33.06666666666667,30.061897640412084,4.991666666666666,47.46813788384225,8.395,17.323030907278167,6.933333333333334,29.48831519446553,9.75,59.16226823656788,11.75,14.3320770519263,3.0,20.451587714731918,15.283333333333333,40.065483734685266,32.158817598493115,3.33591463265383,23.535468145906886,216.29419194333482,216.29419194333485
94038,6081613600.0,6108.0,-122.4994673,37.5417779,9.38166018314982,11.3590519415028,0.03304924,7.51711263223398,8.080693547,14.5364032358432,0.080396507,30.0186683260734,418.1421263,48.1828400149869,29.82443678,23.7177063642092,292.6278546,82.7931034482759,139.0682983,27.9694923730933,502.4310977,21.0625,6.0,46.080627099664,5.0,30.8816204549228,0.0,0.0,2.0,23.8765224695506,0.0,0.0,28.0390702011688,3.42356490218056,14.0136901057872,38.38,38.6091724825523,5.31,60.0590197587888,8.98,20.8624127617149,3.7,14.7810680840294,0.0,0.0,8.3,6.73366834170854,0.9,1.14523685580427,15.7,42.2940430925222,26.4171691379158,2.74031906834142,15.2042360060514,190.08443217445355,190.08443217445355
94040,6085509682.4,4627.6,-122.0885966,37.383665560000004,13.737485962393928,22.912254160363073,0.037168086,15.14125700062228,8.0861813938,14.680771624144379,0.30504773739999996,72.81891723708773,422.91845802,48.2902460347196,46.589656082,46.8683049779458,0.0,0.0,207.52133382000002,34.75618904726182,1190.01788146,62.432500000000005,19.02,64.29637924598731,8.02,29.955171841275103,0.374,57.32627399073463,4.6,48.2444351112978,0.0,0.0,37.9038328394348,4.628050460881492,37.7224642190417,15.376000000000001,4.45912263210369,4.718,47.27482678983836,8.28,17.352941176470583,7.26,29.177423437104522,10.22,55.70442549736092,18.5,28.643216080402006,2.8600000000000003,18.526808953669956,12.3,26.316856780735105,27.35135484132936,2.837224489322432,19.09228441754916,205.6820067649547,205.6820067649547
94041,6085509476.25,4929.0,-122.0764669,37.3873123,12.685597851759944,20.054841149773058,0.0371680875,15.0591163658992,8.1462257105,15.47915370255135,0.45063439125000004,86.57436216552583,428.497003725,49.51292618958408,38.023633537500004,34.9149338374291,0.0,0.0,177.20483525,32.30495123780945,1541.1749795,76.68125,18.8875,74.40742814483018,20.3125,60.63423543084843,0.525,68.78888153540703,4.5,47.50104997900045,0.0,0.0,42.632664130905674,5.20543982228542,50.351586807716224,15.219999999999999,4.181206380857425,4.7125,44.652938157557074,6.654999999999999,6.4525174476570175,5.6499999999999995,22.01341432548721,4.775,33.0660441196373,17.3,27.22675879396985,3.925,27.928162415408636,13.4,30.4467680608365,23.282558435879224,2.415158055298235,12.667044881492705,201.8587866903596,201.8587866903596
94043,6085508641.25,3883.125,-122.0811358,37.409310024999996,16.210163856290073,28.10608925869894,0.0364621775,13.84878655880525,8.271134776875,17.677349097697576,0.4410392175,85.93808338518978,460.41284078750004,54.122954914449835,33.46399671875,29.511657214870837,0.0,0.0,150.1604579375,29.238559639909987,1916.9053611125,78.39375,56.206250000000004,96.44223590892125,83.94375,89.66461896065084,0.65625,66.37491727332892,5.625,51.989710205795916,0.4375,8.336197021764026,46.581440358941,5.6875846153857,60.82607342874924,19.13375,8.186378364905284,5.071428571428571,45.94376626709192,8.48125,17.15166999002991,7.55,30.220197418375093,8.7875,52.81837867099744,14.675,21.49497487437186,3.4125,24.089016137428423,13.0125,30.361216730038013,27.118284975038087,2.8130475687932326,17.457766011094304,206.8579527083176,206.8579527083176
94044,6081603050.0,4873.0,-122.4833090875,37.622900625,10.454662507429125,14.473020675743815,0.03419029,10.5662725575607,8.33356579975,19.265712507778463,0.08146573424999999,27.607342874922214,268.8406517375,16.476208317721987,48.223411145,49.23597983616886,0.0075003385,4.487068965517253,154.7520666375,29.823080770192526,856.3502944375,47.465625,1.875,15.628499440089575,7.5,33.235098787979396,0.15437499999999998,25.256452680344143,0.75,8.814573708525824,1.95,34.140893470790374,24.88230877500376,3.0381249590712636,9.794648413192297,47.27,51.986228813559315,5.2125,55.323004875545294,9.01125,22.104000498504487,4.35,17.780308782586673,3.0875000000000004,22.445527134930302,10.75,12.218907035175876,3.6625,29.05062467464861,14.325,35.10297845373891,33.228706972709574,3.4468969350297973,25.102433182047413,202.4962773083996,202.4962773083996
94060,6081613800.0,3944.0,-122.3140903,37.2768483,10.5243567836217,14.1956631366616,0.03510866,10.6036092097075,7.085121609,7.15619166148102,0.004848445,2.11574362165526,782.3835826,87.4734607218684,46.6808643,46.7548834278513,125.1540803,78.4827586206897,40.8148664,16.7166791697924,99.08833434,1.1125,10.0,61.384845091452,16.0,61.5474016270961,0.1,16.6379880873594,7.0,66.7366652666947,11.5,93.241695303551,40.8378918944973,4.9862984887144,45.22713130056,19.05,7.87637088733799,3.91,24.5701821914293,5.93,3.25274177467597,8.8,37.2817008352316,0.5,1.81350656381107,16.6,25.9798994974874,2.0,6.29880270692348,22.6,72.5982256020279,20.347095996122,2.11065518990525,8.23247604639435,200.66199734633653,200.66199734633653
94061,6081611000.0,5631.428571428572,-122.23183435714286,37.46414528571428,12.964395229945813,21.262877314314544,0.034027282857142856,10.130678282514026,8.066319650142857,14.315939194595087,0.139130464,43.23406525024448,427.3772743857143,48.69667612267839,61.275489821428565,66.41461877756774,0.0,0.0,112.84795742857143,24.802629228735757,763.2688796285713,37.36607142857143,6.971428571428571,29.648589559003888,23.635714285714283,59.837290386850434,0.22,34.89647348019285,0.0,0.0,0.1285714285714286,5.917198494518085,29.100026651779928,3.5531074740630872,19.39372388656769,38.35,38.70531263352798,4.32,35.76744015543091,7.621428571428572,11.632958268052983,11.728571428571428,39.87055718263009,8.528571428571428,39.72314057575933,22.014285714285712,34.921033740129204,2.6999999999999997,14.84717780917677,16.614285714285714,42.85533224696724,31.572675998301573,3.275112697542334,24.20574886535552,201.11883004491935,201.11883004491935
94062,6081611400.0,4733.428571428572,-122.27497454285715,37.459656100000004,5.815693434185497,5.948778906418839,0.03304924,7.51711263223398,7.987621481714286,13.487421104098143,0.05879615871428572,20.481820606276106,425.73466665714284,47.349640493139916,48.50925371142857,49.47700063011972,31.354902116857144,19.51231527093597,123.75855872857143,26.111885114135685,738.8652276,37.92321428571428,1.8571428571428572,12.288700474590728,13.514285714285714,32.66525936291833,0.2307142857142857,35.07043585137564,1.0,11.2527749445011,1.4285714285714286,13.006054655539186,25.440582530649472,3.106290073746053,12.459774202151303,21.554285714285715,11.850163794331285,3.9899999999999998,31.190659481652553,5.95,3.464606181455633,4.985714285714286,19.20128719673138,2.3714285714285714,17.400382808421803,10.557142857142859,12.110552763819095,2.857142857142857,16.600356956942072,11.357142857142858,22.315770414629746,16.513739923627643,1.7130115708498737,6.435055111303227,217.69640969426104,217.69640969426104
94063,6081610313.625,4560.0,-122.2149049375,37.4867016,35.126450169925235,66.81480080685829,0.03361976375,9.281269446173011,8.023437473,13.820784069695074,0.324905216625,73.78033602986932,414.1276425625,45.98944673410767,70.309510465,76.0775047258979,0.0,0.0,120.9032497375,25.734558639659912,1639.374580025,69.6484375,53.65625,83.95390070921984,99.16875,88.92785987049645,2.2199999999999998,87.99470549305096,1.125,9.662431751364975,5.31875,61.97308132875143,48.361826705642464,5.904969434680976,65.68606098319852,62.91875,69.82178464606181,5.47875,61.47677700795484,10.33625,32.532091226321036,25.8875,70.13414325487216,14.75,65.64318581675464,34.9125,60.30778894472361,3.7125,27.729698073919838,25.775,76.5557667934094,57.34216710175759,5.948246502439739,61.359051941502784,215.60871119616064,215.60871119616064
94065,6081610303.5,6230.5,-122.24901585,37.53446535,9.97003192519212,13.0547150781644,0.03190818,6.38456751711263,8.461494648,21.8170504044804,0.0444305875,16.1169881767268,401.6407787,43.6243287123767,10.798605697,4.49905482041588,0.0,0.0,246.50849915,38.1220305076269,833.7057353,46.55625,2.45,23.861515490854785,6.275,26.5565332890586,0.32,47.97485109199205,9.0,77.2994540109198,3.125,63.2646048109966,30.690486424483048,3.7473022963981597,20.69072806471689,14.34,3.19042871385842,5.275,59.3725943033102,7.45,9.92023928215354,2.6500000000000004,9.269805112629715,8.0,53.01799972932734,8.65,7.374371859296485,4.65,39.9076002082249,12.55,26.12167300380225,25.6496887078818,2.66070640257768,14.1137165910237,200.04698524967893,200.04698524967893
94066,6081605067.333333,4789.0,-122.42789867777778,37.624556855555554,21.08800355924118,38.02599876729983,0.03419029,10.5662725575607,8.522616436,23.989490423840135,0.2274282947777778,58.477494295789256,318.5529945444444,25.939802672661433,58.38032407666666,61.506686270391384,0.0,0.0,180.8383704111111,32.67900308410436,1629.8822314,76.71111111111111,4.538888888888889,22.74273153332503,30.18333333333333,56.56096076152525,0.37,50.59636737995441,3.111111111111111,26.39647207055859,1.561111111111111,28.832887870688563,36.49778300902498,4.456372055871211,34.86551891032289,56.47333333333333,64.62972194527529,5.2555555555555555,55.08083140877598,11.897777777777778,45.405450315719534,10.3,37.85750442925844,8.25,50.44322641764785,14.033333333333333,19.73757677275266,3.3375,24.025572618427898,15.455555555555556,38.9649345162653,44.64508805519122,4.631146716240269,42.201770605704056,216.29419194333485,216.29419194333485
94070,6081609389.888889,3568.0,-122.26796325555557,37.4970001,6.492802931082725,8.100801255112904,0.03190818,6.38456751711263,8.214850123888889,16.740648551476166,0.1660478447777778,41.38975316324414,233.1354477,10.117536044849638,50.317333804444445,51.91906462227823,0.0,0.0,127.44348145555556,26.574699230363155,1042.8708437555556,53.34583333333333,16.227777777777778,38.23773381444153,55.37777777777778,55.7474126957773,1.0927777777777776,48.98742554599604,0.0,0.0,0.6333333333333333,10.938017054855544,27.466714479292815,3.35368038222614,22.301044043421157,20.817777777777778,10.43259111554226,3.9122222222222223,31.1749779032304,7.497777777777778,11.376980170599323,2.6888888888888887,9.93138164740291,2.0777777777777775,15.765176463511839,7.033333333333334,5.972920156337245,3.3777777777777778,23.40360923130315,10.844444444444443,19.740881565976615,16.312155104681842,1.6921006730787522,6.237743038045614,222.44212456181495,222.44212456181495
94080,6081602127.545455,6101.636363636364,-122.43284585454545,37.65558852727273,26.966325752464762,49.501444092972086,0.03408655818181818,10.289076200712815,8.595450048,25.98404706680999,0.23349549845454545,60.48311365050631,396.6338036454545,42.32205910737198,59.98438129545455,64.78890989287966,0.014739440181818182,5.3322884012539085,199.4436062909091,34.39950896815114,1290.0131750545454,62.1125,14.863636363636363,36.4976755234314,59.99545454545455,69.75835056525743,2.885,58.534384212742914,5.0,42.60432973158717,1.9545454545454546,24.64229928147454,40.945094561606716,4.999387913074857,45.69327374554506,55.08454545454545,62.32778935919514,6.412727272727273,72.57797373270814,11.312727272727273,40.83658116559411,14.327272727272726,51.41736269298912,11.045454545454545,62.490926315530444,19.445454545454545,30.685244403837373,3.1727272727272724,22.943779281624163,15.636363636363637,40.07835004032724,50.051956983013746,5.192014761774678,50.29340301654977,212.33840859148316,212.3384085914832
94085,6085508901.2,5855.2,-122.01922296000001,37.387991,21.58709662020362,40.46142208774582,0.03809217,16.7766023646546,8.2752215686,17.7125077784692,0.3932944894,84.1244555071562,389.05209858,41.12151867116276,51.929268372,55.06742281033396,0.0,0.0,195.92013448,34.10352588147036,2087.4146506,86.9025,74.44,96.23740201567747,146.82,97.01809729370744,2.104,87.75909993381867,0.4,4.98110037799244,0.0,0.0,47.050424392517,5.7448474727313386,62.42688238954575,21.456,11.8494516450648,5.54,62.20939183987686,8.512,19.40677966101696,13.52,46.27436092128574,13.02,67.53823250778184,17.9,28.793969849246242,3.3,23.302967204580945,14.48,36.29657794676807,35.79821470062604,3.713438402296782,28.938477054967223,209.3078674091608,209.3078674091608
94086,6085508704.5,5691.375,-122.027539675,37.369912925,14.4676501562003,24.111195158850226,0.03809217,16.7766023646546,8.1389338175,15.434038581207226,0.23390033600000001,65.57871810827629,389.83911235,41.6026601723492,40.0633450675,38.11279143037178,0.0,0.0,226.6085427625,36.435671417854465,1223.246026475,66.5640625,10.51875,46.722191116088084,39.0375,80.79445459073551,0.9525,74.24884182660489,0.75,8.586203275934487,0.0,0.0,37.39882476851699,4.56638907573185,36.0096453018046,15.98625,5.058262711864407,5.525,62.91859122401847,6.905,8.418494516450641,6.7875000000000005,28.688939508985055,10.1,61.408850994721874,13.65,18.636934673366834,4.8374999999999995,40.07352941176471,13.5125,31.1723700887199,30.730620543144763,3.1877641777853363,21.435325264750364,209.3078674091608,209.3078674091608
94087,6085508275.727273,5659.181818181818,-122.0370224818182,37.34933251818182,8.543594839681834,10.333287489112003,0.03809217,16.7766023646546,8.095458859545454,14.754766080217236,0.18633590972727274,54.062340894948235,347.9192322545454,34.20529763729466,39.76961618,37.18622901987742,0.03568534772727273,10.75235109717868,441.6968194363637,47.59030666757598,1175.7789597090907,63.36363636363637,4.327272727272727,24.54104313006889,16.13181818181818,48.43101444462893,0.31636363636363635,47.77209554178448,2.3636363636363638,26.052842579512074,0.0,0.0,33.01076055684822,4.0306073070854165,25.693273745545067,12.456363636363637,1.9996827698722044,4.387272727272727,42.26211304733244,7.278181818181818,9.580349859512348,2.7545454545454544,9.873219668208268,8.281818181818181,51.70708301037169,9.163636363636364,9.896071265418,3.727272727272727,27.912782168378218,9.054545454545455,12.13503859891693,20.126110417248825,2.087731802753002,8.798652179892725,209.30786740916076,209.3078674091608
94089,6085504804.0,5718.75,-122.00392582500001,37.400136275,23.760655944384,46.047655068078676,0.03809217,16.7766023646546,8.3583043555,19.405724953329198,0.4451976505,82.32731798382078,389.0268678,41.1140252279256,48.7341214625,49.94643982356648,0.0,0.0,218.5329183,36.093398349587375,2992.15285075,95.509375,41.1,92.73982829413963,34.9375,80.40843433504898,1.3475000000000001,82.51819986763735,1.0,12.1955060898782,0.0,0.0,46.28853821435395,5.65182132171058,60.30180460485375,36.16,35.2162263210369,5.73,65.29381575570952,9.58,26.143444666001976,12.4,47.095671981776775,9.775,60.485180673974824,15.225,22.6319095477387,3.65,26.372982821447167,14.8,37.633079847908775,40.53079694440935,4.20436100257342,35.965078164397376,219.8376037495908,219.8376037495908
94102,6075013801.0,3645.909090909091,-122.41742805454545,37.78190495454545,26.604379024980755,50.50314032916151,0.02937227,3.1238332296204097,8.628418993636364,27.23991627538609,1.283298581909091,97.69531029020763,258.7894396,15.0368427625827,51.16073100363636,53.10878157759064,0.001020516818181818,2.7272727272727284,377.73557536363637,46.00127304553411,818.062851409091,44.362500000000004,17.413636363636364,71.10353252570498,6.1909090909090905,29.977510452356885,3.6018181818181816,96.2733890860959,4.545454545454546,37.713336642358044,0.10909090909090909,4.173695720087473,40.05740845412309,4.891001615671617,43.25394580528368,64.39545454545454,68.99415390193057,5.382727272727272,57.439288963538395,7.695454545454546,13.348590591860782,15.790000000000001,47.36142748671221,16.336363636363636,67.34457855042508,35.4,58.3325719506624,6.072727272727272,45.16587004874355,22.463636363636365,67.04343818412259,51.856574714246975,5.37921227541242,52.84348782835924,204.5571129550124,204.5571129550124
94103,6075018567.166667,5759.333333333333,-122.41306176666666,37.772432,33.55498750293847,64.54656244747017,0.029583596666666667,3.242065961418792,8.571423496333333,24.984443061605464,1.4553754536666668,99.25534121551546,258.7894396,15.0368427625827,47.24321096833333,47.79458097038438,0.0030196911666666667,7.729885057471264,363.9122772333333,45.294656997582756,1184.4488477833333,62.95416666666667,38.28333333333333,83.66305835510762,17.724999999999998,63.09978416071726,5.5441666666666665,97.93734833443635,9.666666666666666,61.95926081478368,4.616666666666666,67.98778159602902,50.50081410850722,6.166139371705095,70.7902924704418,80.25166666666667,84.20779328680625,5.948333333333333,72.80814301599521,9.453333333333333,25.06231306081757,8.200000000000001,34.61992744452882,9.783333333333333,53.541300130825114,30.966666666666665,54.507956448911216,4.166666666666667,34.36578171091444,17.533333333333335,49.65990705534432,53.01586217298888,5.499468064830823,54.9399058665322,204.5571129550124,204.5571129550124
94105,6075061500.0,16968.0,-122.3923886,37.7877258,15.8960533167635,27.5844679778114,0.02937227,3.12383322962041,8.64348771,27.9153702551338,2.019470073,99.7884256378345,258.7894396,15.0368427625827,6.432362492,1.85255198487713,0.0,0.0,408.9413249,47.5743935983996,2412.494424,91.75,36.85,91.899962672639,17.0,63.3737340195916,7.71,98.9013898080741,16.0,96.2620747585048,0.0,0.0,47.2825955396247,5.77319552367718,62.9869321717486,27.78,21.4356929212363,5.9,73.0690274570182,5.41,1.85692921236291,3.2,12.0222728423184,3.7,29.5303830017594,15.0,22.0100502512563,4.2,33.5762623633524,8.3,7.69328263624842,26.5435000412631,2.7534236891112,15.3555219364599,211.7649564602606,211.7649564602606
94107,6075029441.4,3810.4,-122.39595732000001,37.76461892,20.00219157769066,36.40948058497226,0.029625861999999996,3.2657125077784683,8.516036265,23.5295581829496,0.8812781766000001,95.11138767890479,258.7894396,15.0368427625827,33.3674393516,31.284183994959033,0.024838190399999998,14.172413793103459,373.9875305,45.78894723680922,1974.115004,83.12,24.34,84.78163493840984,38.65,62.526979910343684,6.139,97.17008603573791,15.8,95.78748425031498,2.83,55.68843069873998,52.33939490199371,6.390629721393694,75.21841941505912,45.858000000000004,49.22981056829512,4.62,42.23505260456762,8.17,15.301595214356905,11.24,32.04252088078968,10.5,38.23792123426716,21.759999999999998,32.96733668341709,2.48,13.019260801665812,8.36,9.411913814955648,30.36230507271282,3.149557892262442,22.201210287443264,198.7537817152538,198.7537817152538
94108,6075011633.833333,2490.5,-122.4092423,37.79215918333333,20.806114600934734,38.9330139519247,0.029372269999999995,3.1238332296204105,8.693507377000001,29.701306782825146,0.8185820351666666,96.26011200995646,258.7894396,15.0368427625827,56.10047527333333,59.89498004620879,0.0,0.0,408.6926676333333,47.50354255230474,603.8249501166666,28.700000000000003,5.816666666666666,37.07851188254323,4.6000000000000005,26.268747578725993,3.31,95.53496580630927,10.0,82.9693406131877,0.0,0.0,39.47515584067593,4.819908687222177,41.53287699647377,30.025000000000002,24.852525756065138,5.288333333333333,58.41886921563596,5.741666666666667,3.3711365902293124,19.73333333333333,51.80334092634777,24.383333333333336,64.99977443948212,28.116666666666664,46.76926298157455,4.779999999999999,41.22852680895366,20.216666666666665,60.35276721588508,41.46563269437985,4.301333854510637,37.47688687174315,202.02448079896192,202.02448079896192
94109,6075012090.6,4008.6,-122.42124572,37.79220958,15.860747815434985,27.043620776601102,0.02937227,3.12383322962041,8.6807412853,29.21468574984442,1.7607792375,98.90479153702552,258.7894396,15.0368427625827,56.181392009,60.24196597353497,0.0,0.0,397.13583171,46.93673418354587,1040.02274511,55.220000000000006,3.2399999999999998,25.151175811870097,4.05,24.43466710941391,2.233,93.13037723362011,8.2,67.17345653086936,0.0,0.0,39.715882898731046,4.84930141319525,42.11076540136901,35.856,34.63484546360918,4.009,32.50449063382088,6.807,8.091974077766702,8.32,30.897241204758295,8.96,50.937880633373936,21.4,33.01381909547739,3.84,27.778500780843313,17.54,47.83269961977187,31.58456582928859,3.276346059467033,24.40998487140696,202.02448079896192,202.02448079896192
94110,6075023269.875,4346.75,-122.415200925,37.749588162500004,21.229636164442788,39.91742309631872,0.03143269875,5.427815805849406,8.5771409709375,25.211574362165525,0.9450299086875,95.89063472308649,258.7894396,15.0368427625827,64.802371449375,72.00220541902961,0.0103310616875,3.941810344827587,328.35022958125,43.403038259564894,1117.10249173125,48.51875,2.5875,21.101623740201564,18.790625,59.98567989374067,0.9915625,72.80443414956983,2.75,17.68689626207476,1.640625,41.00229095074455,39.95811763951428,4.8788782269299515,42.54122588674549,61.641875,70.28601694915254,4.47625,40.1206055940467,10.296875,32.56324775672983,12.331249999999999,45.593678815489746,9.01875,54.06093517390716,20.7625,34.692996231155796,3.2666666666666666,22.580253340274165,12.0,25.21229404309252,42.2012433759355,4.377640591504998,38.52196797781139,204.5571129550124,204.5571129550124
94111,6075035800.0,3628.0,-122.40156165,37.79914195,21.8578861504578,41.452344931921346,0.02937227,3.12383322962041,8.726242016,30.8774113254512,1.329466961,98.02738021157435,258.7894396,15.0368427625827,49.061549945,50.346565847511,0.0,0.0,427.25116985,48.4746186546637,546.183355,24.46875,2.5,27.314296379245953,7.85,39.84725219990035,3.9,97.114493712773,10.0,82.9693406131877,0.0,0.0,39.0126423629574,4.763435883461495,40.13690105787185,34.730000000000004,32.54611166500501,4.734999999999999,45.27841929689505,5.46,3.620388833499503,30.6,53.04353328271324,40.35,72.9936391933956,45.55,68.58668341708545,5.3,45.542686100989044,22.7,63.98605830164765,43.989413328816354,4.563131935930755,41.036308623298055,211.7649564602606,211.7649564602606
94112,6075027774.6,5801.866666666667,-122.44275924666665,37.71969725333334,18.660361316367965,33.81576735585812,0.03221246266666667,6.6865795478116565,8.628595273666667,27.264053101016398,0.4926519484,82.35967641568139,258.7894396,15.0368427625827,73.090926118,81.73408947700064,0.0,0.0,271.7648658,39.91081103609235,974.7074122666667,47.02166666666667,1.77,13.88951101157148,6.483333333333333,28.727655099894857,0.168,28.732406794617255,0.0,0.0,0.6733333333333333,20.702558228331426,31.137951992865315,3.80193775341784,21.241236258037762,46.922000000000004,51.22050515121304,5.058666666666666,53.17851338636558,9.362666666666666,25.159521435692934,20.39333333333333,62.92837256390786,15.633333333333333,75.22894392565526,21.253333333333334,35.853433835845905,3.9,30.513621377754646,17.16,46.45204900718208,46.690732066579834,4.84334648912967,45.711884350310974,198.14281435454487,198.14281435454487
94114,6075020070.1,3610.0,-122.43480883,37.758111910000004,4.8075580563639395,3.29803328290469,0.031654589999999996,5.8742999377722445,8.5813595831,25.38767890479153,0.2443940062,68.87367766023648,258.7894396,15.0368427625827,52.233951348000005,54.717076244486464,0.0,0.0,331.01023204,43.54213553388348,487.44392243000004,20.2175,0.0,0.0,2.05,13.70579445459073,0.43149999999999994,55.46128391793515,0.0,0.0,0.13,4.843069873997709,24.40477747008098,2.979818481591919,8.297448662103296,22.848,13.377367896311057,4.319,36.90531177829099,6.15,4.602442671984049,2.0300000000000002,6.6603391546443875,0.8,6.00216538097172,9.26,9.424623115577898,3.6399999999999997,25.35788651743885,9.629999999999999,14.223067173637526,15.314328525324708,1.5885936247635075,4.933182047402925,204.5571129550124,204.5571129550124
94115,6075014970.3,3817.8,-122.43496997,37.78568872,13.339353360843168,21.360312657589525,0.029625861999999996,3.2657125077784683,8.6232441771,27.03422526446795,0.4982163182,84.25762289981331,258.7894396,15.0368427625827,47.08140643,47.65721487082547,3.6705599999999996e-05,0.31034482758620696,376.97910105,45.93773443360839,1246.14365531,63.19,0.735,6.99888017917133,7.35,36.433670928108924,1.5475,88.58901389808074,5.0,41.48467030659385,0.0,0.0,35.457890484685535,4.3294013852025355,30.76913503422527,43.177,45.59446660019939,4.286,28.55914806261226,6.392,5.868644067796609,5.75,23.649708934446966,9.61,43.609419407226966,20.48,31.959798994974864,4.01,31.4042165538782,14.34,36.59949302915082,30.059306813735823,3.1181271245517133,21.428391326273314,204.5571129550124,204.5571129550124
94116,6075032872.0,6127.571428571428,-122.48546524285715,37.744832742857135,11.91142083605892,18.1867300626756,0.03239720571428571,6.86994399502178,8.600585151714286,26.212107742910487,0.24420300671428571,65.25202240199128,258.7894396,15.0368427625827,67.62559458428572,75.7853992258529,0.0,0.0,316.0174299,42.69460222198409,1623.4956275571428,76.36964285714285,0.32142857142857145,5.231163013917765,0.0,0.0,0.26571428571428574,40.95112035548833,0.8571428571428571,10.232795344093116,0.0,0.0,29.446052014857127,3.5953571021640243,17.107298426526803,27.21857142857143,20.50277738213929,4.607142857142857,44.22816085633639,8.065714285714286,14.524284289987174,10.342857142857143,38.80391944173264,12.62857142857143,66.34185952090947,14.528571428571428,20.89913854989233,4.333333333333333,34.780062467464866,13.285714285714286,30.275212746695637,32.16220869114,3.3362663991809027,24.780275196311496,192.5686785870507,192.5686785870507
94117,6075016743.428572,4670.714285714285,-122.44221695714285,37.77037525714286,8.758663638230612,10.483754772710894,0.031364772857142856,5.291136989954659,8.557712784,24.469730642723786,0.26475210285714285,71.30411592141523,258.7894396,15.0368427625827,59.071177728571435,64.50265550454586,0.0,0.0,349.7130018,44.63258671810812,745.0619524,39.97678571428571,0.2857142857142857,4.116674665386867,2.7857142857142856,17.736770949455664,0.5971428571428572,64.77261983549212,0.0,0.0,0.08571428571428572,3.2793323514973,28.094847707923485,3.4303753246762514,14.931104987109958,43.41428571428572,46.59948725252814,4.288571428571428,35.92323765533929,8.097142857142858,15.02100840336134,3.057142857142857,11.5106482988032,2.157142857142857,15.302669992073167,13.200000000000001,18.06712132089017,2.957142857142857,19.37235071019558,10.957142857142857,19.587180879956527,24.64128600539666,2.5561022665417417,13.332973128737105,200.03473425886918,200.0347342588692
94118,6075032080.2,5409.8,-122.46184688000001,37.78145749,11.93140366804028,17.73827534039333,0.031527795000000004,5.619166148102051,8.5921860827,25.777224642190408,0.2556724724,70.09956440572495,258.7894396,15.0368427625827,58.71431305,63.88657844990551,0.0,0.0,389.11683452,46.53663415853962,1182.88886515,57.1375,1.19,12.217245240761475,3.165,15.362776025236604,0.8515,76.19589675711447,6.0,49.78160436791262,0.355,13.475372279495996,34.809985525288525,4.250292318353098,29.462352209085253,21.496000000000002,11.37337986041876,4.5600000000000005,40.686425455478584,6.648000000000001,6.448155533399801,7.590000000000001,31.200961781827402,8.49,52.92732440113682,14.88,21.889447236180914,4.18,32.26444560124935,14.219999999999999,35.21546261089986,27.10109097134562,2.81126399175916,16.22793746848208,200.0347342588692,200.0347342588692
94121,6075139511.0,4020.9,-122.49319367000001,37.78089197,17.608548625021545,31.7686445901272,0.03190818,6.38456751711263,8.613902975799999,26.74548848786559,0.1407760628,47.42999377722464,265.98606821,16.705382790058657,58.32438559111111,63.36063852131906,0.0,0.0,417.06966959,47.94948737184295,815.45877739,42.87625,5.51,40.28368794326239,5.475,23.755603519840612,0.3715,56.58107213765719,10.0,82.9693406131877,0.5700000000000001,21.525773195876297,35.61385319710862,4.348444401410623,30.75668948350964,29.619999999999997,24.4416749750748,5.4188888888888895,58.860091808513666,9.318,24.01919242273184,8.855555555555556,35.75887960853793,13.144444444444444,68.72828980015336,18.12222222222222,29.542155220547183,3.6333333333333337,26.04546243276072,17.433333333333334,49.78031263202366,38.83829510945349,4.028793551446508,33.322126968117885,196.19836405625335,196.19836405625335
94122,6075105401.153846,5062.076923076923,-122.48494813846153,37.75988052307692,11.107334039304186,15.847201210287446,0.03190818,6.38456751711263,8.60226531876923,26.265856110286737,0.21573128230769228,61.19381551864439,258.7894396,15.036842762582697,63.0623934,69.55576559546313,0.0,0.0,351.6222053076923,44.701560005385964,1254.7516671153846,60.54038461538461,6.5346153846153845,38.714215981853144,0.28846153846153844,2.040894519725666,0.2907692307692308,38.393320775848906,1.5384615384615385,12.764513940490415,0.1846153846153846,7.089611419508328,29.982585634494253,3.660867750550397,18.72863912689676,21.505384615384614,11.44547127847227,5.09,52.85903686596527,6.7930769230769235,7.604110744689005,9.424999999999999,38.25930144267275,10.483333333333333,61.122389137005456,16.025000000000002,24.622068676716918,3.025,18.86061946902655,14.391666666666666,34.99049429657794,29.95452003343345,3.1072573295833874,20.377374348630017,196.19836405625335,196.19836405625335
94123,6075012786.571428,3625.0,-122.43587921428572,37.80162381428572,6.1827849222829725,5.408472012102872,0.02937227,3.12383322962041,8.713515718428571,30.34936438794557,0.6052518667142858,88.05938305627168,269.0703380571428,17.422255526414357,60.730629407142864,66.7062741920965,0.0,0.0,418.40748087142856,48.02629228735753,807.4866352571428,44.166071428571435,27.357142857142858,83.45064789633659,10.950000000000001,45.563435402386105,0.6914285714285714,74.40862248274559,11.0,86.95926081478372,0.0,0.0,44.179920615439904,5.394359531716511,54.525735620944076,14.868571428571428,3.6746902150690786,3.2528571428571427,13.796326844825685,5.58,2.537031761857285,1.9285714285714286,6.213616805871924,2.142857142857143,16.2152234015815,8.857142857142858,8.024048815506108,2.7142857142857144,15.455120101137812,13.328571428571427,31.167843563280844,11.042260072363147,1.145441272526495,1.8298393487500888,202.0244807989619,202.02448079896192
94124,6075218480.9,3307.8,-122.38802433999999,37.73192431,46.83724558953379,83.91186193758055,0.031527795000000004,5.619166148102051,8.7386135201,30.94337274424393,1.2098369226999999,93.8070939639079,258.7894396,15.0368427625827,60.4864632841,65.51102709514808,0.09688064569999999,23.83448275862068,339.43306476,43.94598649662415,839.5245293799999,34.222500000000004,16.235,60.5431131019037,82.2,56.309148264984245,2.3765,92.34414295168764,11.8,87.9252414951701,11.245000000000001,89.67926689576173,51.86343351140296,6.332514930142463,74.4642190416926,117.60799999999999,93.72133599202394,7.754444444444443,87.12684971345477,11.476,42.04511465603189,23.9,70.7837678224922,15.6625,72.13087021247802,35.95,60.355527638190964,7.2875,63.68915929203538,23.12222222222222,68.32840445007746,71.88285342567518,7.456588285474049,82.58250686389869,195.5547434825985,195.5547434825985
94127,6075030750.0,5712.0,-122.4608922,37.73712005,6.211014867427745,5.537695410993432,0.032193445,6.667703795892967,8.57874643525,25.233354075917873,0.19378395175000002,59.51151213441195,258.7894396,15.0368427625827,61.494667875,67.82608695652175,0.0,0.0,293.9924164,41.35721430357587,1004.89421905,51.63125,1.1875,11.24020156774916,1.625,11.767391665283075,0.46,56.3037723362012,0.5,5.96913061738765,0.0,0.0,27.95736341485,3.413588519800395,15.236465463596751,26.11,18.39793120638085,3.6225,19.87105465742879,7.0,7.838983050847445,5.275,22.288661098456103,4.675,33.56678846934633,9.375,9.362437185929663,3.575,25.605153565851122,7.324999999999999,5.937896070975915,17.3607551248321,1.8008745774770374,5.982097831568343,198.14281435454487,198.14281435454487
94128,6081984300.0,0.0,-122.3768614,37.6147578,,,0.03419029,10.5662725575607,8.789372659,32.6197884256378,1.03866147,98.3820784069695,,,,,0.0,0.0,194.9980011,34.2460615153788,3644.106071,98.025,8.9,54.9458753266144,239.4,99.4521002822514,3.305,96.6644606221046,10.0,82.9693406131877,2.1,53.4249713631157,56.257027758879,6.86897191506254,84.8537647790915,,,,,,,,,,,,,,,,,,,,195.3591330435312,195.3591330435312
94129,6075060100.0,4226.0,-122.480109,37.7991353,3.39674046019409,0.970751386787695,0.03064023,3.8332296204107,8.582031654,25.2022401991288,0.505286298,90.130678282514,363.8553869,37.3797926814038,54.87293565,58.4625078764965,0.0,0.0,499.9446615,51.4628657164291,1926.605052,85.825,113.4,99.5893990294886,27.0,76.9550058110576,0.59,73.8583719391132,11.0,86.9592608147837,0.25,11.5922107674685,52.6216427554927,6.42509212824321,77.1375233354076,13.34,2.41774675972084,1.83,1.36002052861175,4.91,0.834995014955135,3.1,11.3515565679575,0.9,5.64352415753147,10.8,11.9472361809045,2.0,6.29880270692348,8.4,8.03548795944233,5.09645447449055,0.528667977422894,0.113464447806354,199.1528595520361,199.1528595520361
94130,6075017902.0,3008.0,-122.419701,37.8619483,50.6299007731743,88.5022692889561,0.03064023,3.8332296204107,8.726242016,30.8774113254512,0.470281721,88.6247666459241,199.487315,7.45597602098164,63.22546682,70.3717706364209,0.000141251,2.10344827586207,576.7796733,54.463615903976,9621.617211,99.975,143.0,99.7573721537887,165.0,98.5555371077536,2.2,93.3818663136995,10.0,82.9693406131877,2.0,52.8980526918671,58.3129127944387,7.11999506954528,88.5127566894835,106.14,94.2796610169492,8.59,98.2037464716449,7.42,9.7333000997009,11.6,47.0893444697545,6.6,46.5421572607931,66.7,95.9045226130653,15.8,97.4232170744404,19.7,61.5209125475285,68.5507999946073,7.11094604401289,78.2274331820474,211.7649564602606,211.7649564602606
94131,6075023943.428572,4502.285714285715,-122.44105987142858,37.747635814285715,5.347799526764417,3.8974137309992076,0.03190818,6.38456751711263,8.578848401714286,25.420926304560385,0.269016024,64.76486798826564,258.7894396,15.0368427625827,46.44766466428571,46.50103519668738,0.0,0.0,311.7959994142857,42.44811202800698,552.6976643571428,25.198214285714283,2.835714285714286,22.487068735668952,2.4,12.938497663717646,0.3385714285714286,50.10305379597238,0.0,0.0,0.028571428571428574,0.7200130911471115,24.5627893926779,2.9991117059552015,9.149257711796606,23.33857142857143,14.652471157954718,3.454285714285714,22.977381868836837,5.941428571428571,4.413545079048568,3.4571428571428577,12.96778392450374,5.071428571428571,34.41215706745548,12.057142857142859,15.03589375448672,3.466666666666667,24.318931112267908,10.471428571428572,17.512221618685498,17.272713311237002,1.7917417798125157,5.822707297745116,198.14281435454487,198.14281435454487
94132,6075036530.142858,4149.428571428572,-122.47880535714285,37.72129111428571,21.164404441719913,39.92687846696926,0.03370126857142857,9.259489732420677,8.545732230857142,24.277713574539955,0.4246913717142857,83.87767801582359,276.24741058571425,18.619422291209442,61.045489714285715,66.87910703033577,0.0,0.0,246.83623830000002,38.15953988497123,1697.3705589999997,80.33392857142857,1.6642857142857144,14.696315256225663,2.9285714285714284,18.57166575745357,0.32142857142857145,51.12224638366266,1.4285714285714286,17.054658906821857,0.0,0.0,33.54689901200504,4.096069705967231,25.707173971019643,35.354285714285716,33.70068366329584,6.965,76.26593105807885,9.11857142857143,23.18936048995868,7.385714285714285,27.49936724879777,14.15,71.63576487571616,32.68571428571429,52.09798994974876,9.15,57.95592573312512,32.528571428571425,82.74488502625385,49.680217018531685,5.153453244913562,49.82530077083783,192.5686785870507,192.5686785870507
94133,6075010483.333333,4466.5,-122.41042408333334,37.8011172,20.23765213411365,37.57354177172633,0.029372269999999995,3.1238332296204105,8.718197039333333,30.545529973034665,1.7601267731666665,96.11283965982163,258.7894396,15.0368427625827,56.707195225,60.772946859903385,0.0,0.0,426.76166616666666,48.44961240310079,549.4312476333333,24.658333333333335,3.9499999999999997,31.124797810128154,18.0,65.08661243012892,1.785,91.66997573350982,10.5,84.96430071398571,0.0,0.0,41.41470729763325,5.056727534864827,46.938394523957676,30.31833333333333,25.69998338318378,4.156666666666667,30.936190231802232,6.640000000000001,6.721502160186117,21.2,60.01434236058383,22.5,74.51166147877474,32.21666666666666,52.5565326633166,5.1499999999999995,44.56012493492972,17.633333333333333,48.871989860583035,38.61107775901413,4.005223727033595,33.274499915952255,202.02448079896192,202.02448079896192
94134,6075111359.666667,3860.0833333333335,-122.40944349166666,37.71873908333333,29.184109245780864,55.99050260547992,0.03190818,6.38456751711263,8.674634029666667,28.823895457374004,0.7841214780833333,81.97676830533085,258.7894396,15.0368427625827,67.4093276075,74.689140936778,0.05165915791666667,14.324712643678163,299.12299981666666,41.727098441276986,1110.4469809333334,47.134375,13.420833333333334,44.2422545726017,10.658333333333333,21.803918313132986,0.36874999999999997,38.785572468563856,7.666666666666667,65.22119557608849,3.141666666666667,40.52500954562811,39.879980120412114,4.869337651367982,43.261771416718524,60.93333333333334,69.22877201728151,6.309166666666667,70.07313317936875,9.320833333333333,24.22004818876704,25.150000000000002,71.71813043111449,20.008333333333333,81.20178643930167,29.90833333333333,50.15284757118928,6.290909090909091,53.15768302493966,17.463636363636365,47.98939970042631,58.394876007173515,6.057446631789847,62.83198856950748,196.50725284450996,196.50725284450996
94158,6075060700.0,13222.0,-122.3906714,37.7723808,21.3587293148749,40.7337367624811,0.02937227,3.12383322962041,8.536436737,23.7958929682638,2.64585843,99.9502177971375,258.7894396,15.0368427625827,7.494505304,2.28103339634531,0.001280584,5.37931034482759,382.8446604,46.2240560140035,1644.995655,81.0,56.7,96.8645016797312,46.5,88.9755935580276,18.225,99.8941098610192,16.0,96.2620747585048,5.5,77.6174112256587,53.7068449482612,6.55759510042725,79.6266334785314,25.08,16.6251246261216,5.79,70.8108801642289,6.42,5.02243270189432,7.8,33.4851936218679,11.0,65.624577074029,16.1,24.7236180904523,1.8,4.89328474752733,13.6,31.1660329531052,31.399010230739,3.25709791284358,21.9742813918306,198.7537817152538,198.7537817152538
94301,6085511300.75,4022.25,-122.1515497,37.444589175000004,7.866658399751683,8.607539082198675,0.03419029,10.5662725575607,8.155647149,15.665836963285624,0.17601264975,55.21157436216552,366.603771425,38.08854752091923,47.1919301425,47.624448645242595,0.0,0.0,138.47516695000002,27.947611902975776,568.72816805,26.049999999999997,11.25,62.73796192609182,19.775,49.29437157562676,0.7462500000000001,75.41032428855063,2.75,30.837883242335124,0.0,0.0,32.9815603981861,4.027041973512775,24.828873677660223,9.35,0.6231306081754735,4.1525,30.6164998716962,6.3325,4.78564307078764,2.3,8.127689192609473,6.925,42.94221139531737,12.65,16.862437185929647,4.175,33.07522123893808,12.025,25.95373891001268,18.700342050723926,1.939833281854395,6.90557236510337,199.463030959465,199.463030959465
94303,6083282957.285714,6987.714285714285,-122.13013001428571,37.45446881428571,25.602761668990468,46.45558677328722,0.03463037142857143,11.144101697928729,8.293650950285715,18.081607253978127,0.25752736028571427,67.50288914570184,414.9509217285714,45.97227426002248,67.92303133285715,72.5177783778918,0.0,0.0,116.06364767142857,25.136641303182945,1589.6969234285714,78.16785714285713,10.35,50.1386444835493,43.92857142857143,54.50772040511373,1.2128571428571429,79.35520468942045,9.0,71.50356992860142,1.0714285714285714,17.466863033873345,44.74172926783411,5.462956256582161,55.862743354964884,49.978571428571435,55.45328300811851,4.701428571428571,43.98071776824663,9.05,22.083748753738785,19.957142857142856,50.54958961564885,8.22857142857143,51.96140981768264,23.314285714285713,37.562814070351756,4.385714285714286,34.2604298356511,17.842857142857145,47.387289516567094,42.425111540607475,4.40086299649633,39.64952092788706,220.87891103063384,220.87891103063384
94304,6085511657.0,2260.0,-122.1682317,37.42205275,5.712582585984604,4.34947049924357,0.03470372,11.06409458618545,8.073166933,14.4057249533292,0.309813962,70.5911636589919,479.67588620000004,56.637941800924196,33.11944321,28.260869565217398,8.495412040000001,42.586206896551744,154.0503349,29.68867216804205,1148.57304725,62.6875,91.375,94.4755505785741,90.5,77.77685538768054,2.4749999999999996,94.5400397088021,3.0,33.1583368332633,0.5,17.85796105383735,47.514097373247296,5.80146185157945,63.3229620410703,9.28,0.6231306081754735,3.76,21.2599435463177,5.605,2.529910269192425,4.55,18.337129840546677,4.1,32.0341047503045,9.75,10.402010050251254,0.95,1.242842269651225,13.6,31.1660329531052,9.838402386140505,1.020562101866592,1.2733232476046406,219.96792700175436,219.96792700175436
94305,6085512036.0,6957.333333333333,-122.1689766,37.424133133333335,12.588160934555631,19.45284921835605,0.03453257666666667,10.898153909977198,8.14347299,15.4739680564198,0.4047827103333333,83.6963285625389,372.8746939,39.307272802964036,34.286822475,30.598613736609952,0.786865525,35.643678160919535,146.36366443333335,28.794698674668634,831.9733438,46.550000000000004,25.666666666666668,54.6908050267513,65.89999999999999,61.14892910509713,1.3983333333333334,89.13302448709464,1.6666666666666667,19.011619767604632,3.3333333333333335,46.4681176021382,42.44815098740463,5.182910804113667,49.45032151006013,5.986666666666667,0.11631771352608826,3.33,14.13266615345139,8.516666666666667,19.2090395480226,2.1,6.8969881042774,6.050000000000001,43.2737853566112,23.933333333333334,39.2211055276382,4.866666666666667,40.59951414193997,23.85,60.678073510773146,22.57394213968305,2.341651513455465,12.449571356530486,219.96792700175436,219.96792700175436
94306,6085510534.333333,4173.166666666667,-122.12190186666668,37.41597375,7.535696879567955,8.125315179021689,0.035901716666666666,12.930927193528333,8.212193958,16.585770587015116,0.2313987856666667,62.808545944824715,409.12209148333335,45.000208151201015,47.280174538333334,47.56143667296783,0.022499226666666667,4.6896551724138,147.17627885,28.90097524381095,1024.3126860833333,55.81041666666667,16.15833333333333,60.4703247480403,52.43333333333334,75.20892135702032,0.3475,51.630266931391986,1.3333333333333333,15.917681646367067,0.0,0.0,36.40580761489035,4.445141878516385,34.55714582036922,14.165,3.1675805915586586,3.78,24.869557779488478,6.123333333333334,4.150049850448656,3.5500000000000003,14.123006833712983,6.966666666666666,45.94893309875038,12.450000000000001,16.145309882747075,2.9,18.523338538955407,9.716666666666667,17.249683143219265,16.563558519987808,1.7181793785302133,5.6648176164061175,217.64014283580818,217.64014283580815
94401,6081606600.5,5321.333333333333,-122.31797285,37.57361125,30.523718513340715,58.690536224575546,0.03419029,10.5662725575607,8.665718066333334,28.620618129018865,0.2554182621666667,70.10578718108276,312.69428856666667,26.660005828233665,74.63570364,82.73892039487502,0.0,0.0,210.02527871666666,35.4734516962574,2252.0112832,82.93333333333332,2.025,15.736593256190107,48.65833333333333,76.82218163705794,0.8791666666666668,72.04500330906684,10.333333333333334,84.2993140137197,1.05,28.38487972508592,46.5773972227715,5.68709094926249,60.55382700684505,51.18,57.96776337653705,4.84,47.82097339834062,9.708333333333334,27.1581090063144,20.533333333333335,64.87176242301526,13.966666666666667,69.95759462263725,32.949999999999996,56.89489112227805,4.680000000000001,36.06975533576261,19.083333333333332,58.06083650190115,51.25179589590201,5.316477055018914,52.294503277861814,215.8198798879777,215.8198798879777
94402,6081606612.5,3635.5,-122.3285497375,37.551084375,12.203351615214158,19.318898134140184,0.0339050275,9.80398257622902,8.455013971,22.009956440572502,0.2174660465,56.373677660236474,342.4249629875,31.844011489946325,56.93105241,60.73408947700062,0.0,0.0,211.8415826125,35.62765691422855,1391.2384640875,63.903125,2.0375,17.072601717058603,36.9,64.16030217499585,0.814375,64.76505625413631,7.125,61.04052918941619,0.65625,17.605956471935862,38.334338017020634,4.680615057553761,40.99719975108899,30.27375,25.358300099700887,4.2625,37.08140877598151,7.0200000000000005,9.616463110667993,4.8500000000000005,19.21349025563149,5.142857142857143,35.16424027995281,9.3375,11.140075376884425,3.3,21.751366475793866,11.55,25.063371356147027,23.14772185292381,2.401171119095738,13.21388048411497,213.99244146944795,213.99244146944795
94403,6081607582.090909,4100.0,-122.30167007272726,37.5385504,13.129341225554253,21.06541970384633,0.03273804090909091,7.382474401765009,8.485714668909091,22.7493352944504,0.2658595067272727,64.68292131017705,304.4620459,24.92705246545638,55.68964780454546,59.297702927192525,0.0,0.0,232.5113322,37.22521539475778,1709.9983502818184,64.2784090909091,4.459090909090909,31.6909294512878,46.64545454545455,74.17626371636003,0.8254545454545454,51.93911317008602,3.8181818181818183,34.48703753197663,0.2,8.14120587316464,36.74089588991737,4.486056090338818,36.55484527917631,36.165454545454544,35.23067162149912,4.23,33.67975365665896,7.230909090909091,9.955361189159778,6.0181818181818185,24.2044591702906,7.781818181818181,48.47131485377526,12.418181818181818,16.038145271813615,2.8363636363636364,17.048412285268093,15.154545454545454,39.59672773360987,27.68020367602872,2.871336801948507,17.776096822995477,206.2401124501218,206.24011245012184
94404,6081608060.333333,4109.444444444444,-122.26518782222222,37.55531842222222,11.193256527136167,16.28144786238584,0.03216174888888889,6.636244209361818,8.58858436,25.563161169881802,0.14176849611111111,43.967365000345715,327.1248108444445,30.984000111013966,23.426527002555556,16.90121123013373,0.0,0.0,274.32429335555554,40.05306882276125,1034.287090711111,55.49861111111111,4.266666666666667,33.53241259176309,9.850000000000001,34.866345674912836,0.6083333333333333,30.32575924700345,9.555555555555555,80.26272807877176,0.7777777777777778,23.24296805396462,31.78231938097848,3.8806148835161878,23.176381110419683,19.07888888888889,7.984380192755072,5.448888888888889,58.67333846548627,9.304444444444446,23.792511354824445,3.822222222222222,15.074945864619373,9.61111111111111,57.72695147441392,9.11111111111111,9.010329424902288,3.3333333333333335,22.800624674648624,11.600000000000001,21.927897479228278,27.72911322729219,2.876410312105919,17.4174931361013,211.45892411010905,211.45892411010905
94501,6001427935.714286,4558.642857142857,-122.26163015,37.768573964285714,23.219160154342887,43.119191700886105,0.02937227,3.12383322962041,9.285742388428572,41.7032625122233,0.2645897177857143,64.308827451329,110.43022838571429,4.213277667754996,55.17985463785714,59.256458727158176,0.0,0.0,414.2942170785714,47.81016682742115,561.7190483571428,26.04732142857143,13.892857142857142,43.26507758758597,123.39285714285714,79.75024311567562,1.0942857142857143,74.09378840881156,12.142857142857142,88.57022859542806,0.725,14.508263786614306,40.55110241994758,4.951281550836677,45.499155480487154,64.7,74.0029910269192,4.167142857142857,35.29729828806041,12.67,51.8195413758724,10.028571428571428,40.19958780778827,5.976923076923077,40.750804210000304,20.185714285714287,33.023151471643935,4.05,30.20376292109765,14.092857142857143,32.52399058482708,44.643950357141364,4.631028699974267,42.19976946905843,215.3945302912946,215.3945302912946
94502,6001428301.5,7350.5,-122.24522435,37.738709650000004,11.38643682075235,16.35148764498235,0.030006249999999998,3.478531425015555,8.905639368500001,35.2395768512757,0.2018190115,62.165525824517744,110.4123824,4.20881728487573,15.9293360685,9.87397605545053,0.0,0.0,416.09483335000004,47.91197799449865,555.0297855,25.0625,0.125,2.06233669279582,11.700000000000001,42.188278266644495,0.49,60.69490403706155,14.0,93.3641327173457,6.625,74.1580756013746,33.8262572739843,4.130179294266149,27.672682016179202,35.760000000000005,34.783150548354946,4.859999999999999,48.107518604054405,8.76,19.2235792622134,5.75,24.82915717539865,6.35,44.681282988225746,6.3,3.2474874371859297,3.1500000000000004,19.2087454450807,8.4,8.42205323193919,27.0579140302201,2.806785139598235,16.1056480080686,225.1596785588744,225.1596785588744
94503,6055201005.666667,4450.666666666667,-122.25330326666666,38.16442643333333,17.2396004411424,30.92536560766513,0.03809217,16.7766023646546,8.887946335333332,34.89732420659613,0.13326239166666667,42.63845675171127,248.95058116666667,14.46650847175386,30.422550373333333,26.246586851501792,0.0,0.0,1012.3153280333332,64.03267483537549,1622.7176729999999,79.90833333333335,2.3333333333333335,16.772427522707467,0.0,0.0,0.18333333333333335,32.6362232517097,0.0,0.0,0.06666666666666667,3.2226040473463162,26.755957556028104,3.266897103072703,11.790085044596557,67.64,76.54120970422069,4.01,29.261825335728332,14.57,63.31837819873713,16.233333333333334,57.5086475997638,5.933333333333334,42.67604998421077,20.366666666666667,34.97906197654943,6.099999999999999,54.377060558736765,14.433333333333332,35.79636670891427,50.72062088926517,5.261376942220523,51.36997814758783,222.08193117055143,222.08193117055143
94505,6013304003.0,3123.3333333333335,-121.60213750000001,37.8868486,15.360067570793634,26.096822995461434,0.04614861,45.7000622277536,8.637115174,27.313835303878864,0.026276064666666668,9.371499688861254,448.5305762333333,53.311685608426,35.067899669999996,33.232514177693766,150.72430452333333,78.67816091954019,85.99513242,22.1305326331583,464.05156489999996,18.604166666666668,0.0,0.0,7.666666666666667,24.162930986772935,0.16666666666666666,23.132583278182235,12.0,89.0942181156377,1.6666666666666667,25.2233676975945,34.80274477404404,4.2494082240643705,31.375233354075903,38.166666666666664,38.3183781987371,4.27,35.189461979300326,12.406666666666666,49.41841143236957,7.6000000000000005,27.760904412385035,0.25,0.906753281905535,16.633333333333333,25.7747068676717,5.0,43.88339406559085,12.433333333333332,25.741444866920133,34.1627792340027,3.5437905883757437,26.56749033451,201.39986047107016,201.39986047107016
94506,6013348810.0,5734.333333333333,-121.93216313333333,37.80720896666667,2.5981109347538003,0.529500756429652,0.04190894333333334,26.3057456959137,8.402366013,20.356772453847736,0.016875446666666665,6.1646961211367035,110.7832621,4.233795428999623,8.978044358333333,3.1842049989498,3.8381472093333335,22.71264367816093,406.81789483333336,47.39934983745937,893.0984314333333,50.89166666666667,0.0,0.0,0.3333333333333333,2.32442304499419,0.13333333333333333,22.964923891462632,0.0,0.0,0.0,0.0,16.7900293691917,2.0500592509857634,1.3897531632441396,15.173333333333332,4.033732136922564,4.486666666666667,41.805662475408425,6.416666666666667,6.0485211033565855,1.0333333333333334,2.2188475491436783,2.9,21.013217846348173,3.9666666666666663,0.850083752093802,2.6999999999999997,14.176644108971006,6.2,2.9235318969159265,12.76621846796189,1.3242717914145263,2.9248613212304586,218.9247740049233,218.9247740049233
94507,6013345653.0,4686.5,-122.01330285,37.847861300000005,2.702475764734235,0.5547150781643975,0.038796385,17.9651524579963,8.539712402,23.8394523957685,0.0481772245,17.56067205973866,111.8563129,4.28999625327838,27.52914993,21.783238815374943,0.0015590805,4.017241379310345,493.56900529999996,51.2690672668167,1873.9491845,84.9625,9.0,58.1746920492721,1.0,7.1559023742321,0.1925,33.92455327597615,0.5,6.22637547249055,0.5,17.85796105383735,27.0299090007442,3.30034652005774,12.10952084629745,14.365,3.2776669990029896,3.9800000000000004,26.14190402874005,4.859999999999999,0.909770687936191,1.0,2.2462667679068593,1.95,14.60955474353771,4.3,0.9987437185929671,1.6500000000000001,4.65903175429464,7.55,5.64638783269962,7.870888767649721,0.8164669901676885,0.504286434694907,224.8999041941665,224.8999041941665
94508,6055201700.0,5288.0,-122.4283032,38.5549587,10.5075634548902,14.1326273323248,0.03803052,15.0466708151836,7.150220075,7.47977598008712,0.014974873,5.52582451773491,941.3801185,98.7011365055576,48.18361632,49.0359168241966,10.52257855,60.6896551724138,1.596253667,5.33883470867717,291.2447044,7.8,0.0,0.0,0.0,0.0,0.5,69.3977498345467,5.0,51.2179756404872,9.0,88.9347079037801,34.7715134355752,4.24559488384078,28.4505289359054,15.15,3.93818544366899,4.67,43.0844239158327,7.0,7.65204386839482,11.4,46.5072133637054,1.4,10.4479631885235,17.2,27.5628140703518,5.3,48.2561166059344,10.2,14.6894803548796,23.8588009629889,2.47493313478476,11.9137670196672,243.34348034056376,243.34348034056376
94509,6013310761.166667,5359.166666666667,-121.81151965833334,37.99830211666667,35.811137729677206,66.3147167591192,0.044129355833333335,36.5671022609417,8.66158326075,28.386226923874716,0.16418111208333333,50.15971790085044,242.41036450833334,10.786395237500516,54.398865765000004,56.41461877756774,2.536318355,9.232758620689657,468.32002811666666,47.46603317496041,833.0087798833333,44.512499999999996,6.2,33.68016672887894,27.0,59.989484752891684,0.48458333333333337,44.71872931833223,8.833333333333334,57.60359792804144,1.0916666666666666,13.728522336769764,37.60847947902638,4.591987874241467,38.9607965152458,161.3125,98.95210202725157,5.815833333333333,68.20631254811396,22.215833333333332,92.623172150216,17.266666666666666,56.78625664388763,7.6909090909090905,47.35048413489339,37.96666666666667,64.02324120603015,10.836363636363636,78.57294969476125,21.900000000000002,63.851922264469785,74.2902706077041,7.70631569475569,84.60140359724325,222.2745647721454,222.2745647721454
94510,6095252090.285714,4097.285714285715,-122.15977037142856,38.07501731428572,14.632366719970586,24.373244002593474,0.03676324285714285,14.193261623255427,8.833890685285715,33.51231220552938,0.10644249271428571,36.20410703173617,221.97855914285714,12.621099395172081,29.715465533714283,25.932127104149778,0.0004585717142857143,1.1773399014778327,2075.7433385714285,78.90186832422388,499.63615758571433,22.48392857142857,13.457142857142857,54.58060043726338,4.557142857142857,19.240530347951903,0.9264285714285714,61.99867637326271,7.714285714285714,64.6127077458451,0.8214285714285714,21.3909343806251,33.5404002987443,4.095276214368932,27.27175748955463,57.07,65.480344680245,4.214285714285714,35.08009824407053,12.765714285714285,51.91034040734941,3.2857142857142856,12.472430126188673,1.757142857142857,13.375094252073561,15.014285714285716,22.263101220387664,2.5714285714285716,13.761433777050657,12.014285714285714,24.171645844649664,34.016167743979146,3.5285822115942627,26.0211800302572,208.18747497873764,208.18747497873764
94513,6013313724.4,7855.4,-121.72354892000001,37.92063274,22.64665308848475,42.4558749369642,0.044757517,39.09645301804605,8.557633937999999,25.5096453018046,0.0865347518,30.054760423148718,463.76907296999997,54.49731484950668,21.264955857,14.56206679269061,144.7276960013,61.69655172413793,196.10241979699998,32.95323830957741,639.4147298800001,31.294999999999998,8.02,41.153415453527415,14.305000000000001,48.77635729702805,0.3745,48.798146922567845,9.8,73.28853422931543,2.55,31.1340206185567,40.348784169642364,4.926578532660753,44.657125077784684,58.306,58.888334995014944,4.328,36.0033358994098,14.431000000000001,60.71660019940178,7.08,28.264996203492785,2.7666666666666666,19.350084961128417,17.03,26.288944723618084,7.25,59.096824570536185,14.059999999999999,33.38276299112802,42.78160807395247,4.437843274096206,39.91679273827535,222.2835765488992,222.2835765488992
94515,6055201950.0,3342.0,-122.5554669,38.6076942,13.6452084732308,22.087745839636902,0.036244,13.6154324828874,6.8266437065000005,6.2165525824517704,0.056355557,20.93963907902926,825.66912295,90.79555389034596,47.82755867,48.248267170762404,15.6640856645,63.327586206896555,0.0015745835,0.4001000250062515,307.37167955,8.6375,2.0,18.77566256065695,3.5,18.802922131828,0.5675,66.86962276637985,5.0,48.01553968920621,2.5,37.83505154639175,33.7016391994125,4.11496345211374,27.927815805849452,31.815,27.947407776669948,4.64,42.1991275340005,9.975000000000001,29.4740777666999,15.95,57.1121235130347,6.05,42.46176749221815,19.85,32.5,,,11.55,21.197718631178702,33.723650848671795,3.49823870196846,26.08421583459405,209.41372602833616,209.41372602833616
94517,6013355305.0,7039.0,-121.9272476,37.9220067,6.762727887469575,6.158598083711549,0.04287963,29.4959551960174,8.387500589,20.230242688238953,0.0072630705,2.7629122588674577,256.0921293,12.4141376295741,19.49212783,12.923755513547595,0.2265028835,18.4655172413793,575.07566835,54.21980495123785,643.46535695,31.98125,6.0,34.47181784247855,7.125,38.1288394487797,0.405,58.656518861681,3.0,33.830323393532154,1.0,27.766323024055,28.064719461273647,3.426696671744665,15.69383945239575,35.45,34.27218344965105,3.785,22.94072363356425,9.84,28.37736789631105,2.65,9.307770184763335,0.3,1.40749763161456,6.85,4.001256281407035,3.4,23.4903695991671,9.3,11.742712294043114,19.26000642902055,1.997888668474775,7.148260211800306,224.3067931217951,224.3067931217951
94518,6013337133.833333,5067.5,-122.02580230000001,37.95136611666667,14.295329062044646,23.659438561102707,0.03972763,20.228168429786365,8.8380939985,33.733665214685736,0.07427666066666666,26.909354905621253,255.4731237,12.3516922692644,45.81751978,45.582860743541296,0.0,0.0,846.7905002000001,61.23197466033175,894.67972445,50.41041666666666,6.425,38.5591638671146,11.558333333333332,33.64879074658253,0.31916666666666665,48.13368630046327,1.0,12.4527509449811,0.0,0.0,29.723637198100885,3.6292501979015235,18.587429993777203,36.69833333333333,36.04602858092388,4.926666666666667,49.59370455906252,9.88,28.61000332336327,8.266666666666667,29.865856745127804,8.566666666666666,49.828574006405915,18.599999999999998,29.9790619765494,4.716666666666667,40.096304008328964,13.983333333333334,33.58259400084494,37.37686181761732,3.877195418587542,31.190115985879967,214.0381274604853,214.03812746048533
94519,6013331000.0,7238.333333333333,-122.01199706666667,37.982229600000004,20.6125020705156,38.5526979324256,0.040503746666666667,22.638456751711264,8.824591365,33.41630367143747,0.12247986666666666,38.863306367973436,255.4731237,12.3516922692644,62.259593130000006,68.13694601974373,0.0,0.0,923.3324517333334,62.51979661582063,805.2027635999999,43.50833333333333,18.666666666666668,76.57085977354737,31.166666666666668,77.90137805080523,0.8366666666666668,47.80057357158611,0.6666666666666666,7.958840823183533,0.06666666666666667,3.2226040473463162,37.68318667020493,4.60110960744533,37.37813731590956,53.44333333333333,60.871552010634765,3.516666666666667,23.064750662903094,11.75,43.922399468261865,8.6,36.416940858854296,6.5,45.797807551766134,22.96666666666667,38.936348408710195,5.933333333333334,54.962693041818504,14.5,35.97803126320233,42.518965802735096,4.41059873399382,38.90149604975627,214.0381274604853,214.03812746048533
94520,6013330450.75,5322.5,-122.0400857125,37.9800891375,36.34937731942259,69.2668935955623,0.03931928375,18.867454884878676,8.820336301625,33.210952084629724,0.32156787675,74.52240199128812,269.6327789,15.598851005370312,56.9547358525,60.582860743541275,0.190118528125,13.038793103448276,1177.3462956875,66.12590647661916,1992.9729513625,80.3640625,14.6375,57.34882418812989,27.49375,59.06732525319606,0.98375,76.2028457974851,2.5,24.6220075598488,0.5,13.479381443298976,45.5739658486119,5.564572177788519,57.545115121344104,91.60375,86.90646809571285,4.6975,43.79009494482936,15.69875,67.94616151545365,19.075,60.848519362186785,15.825,71.29347678982272,34.862500000000004,58.29616834170855,5.1625,45.24986985944819,24.075,70.60361216730037,63.7362854113793,6.611524397115392,70.96413262733233,223.05117886626712,223.05117886626712
94521,6013336124.333333,6301.333333333333,-121.97343037777779,37.96591313333333,18.961684480586186,33.01115033338936,0.041829399999999996,26.468920694185154,8.718713930333333,30.202585908870915,0.08120807099999999,26.759316877549622,265.15948597777776,14.964683679558167,40.59489660222223,38.60253448155148,0.007788166888888889,2.5708812260536447,762.9562220111111,59.571837403795406,1006.2793388444445,55.21944444444445,7.638888888888889,44.08361328854051,20.58888888888889,60.13061043776635,0.33666666666666667,45.51511140525039,1.7777777777777777,20.782584348313033,2.1666666666666665,19.709812905689198,33.87813255203803,4.136513255412559,28.439466224158195,63.24777777777778,60.316273402016186,4.462222222222222,40.11775439796995,12.806666666666667,48.396477234961765,8.600000000000001,33.0225821873506,4.644444444444444,33.939339258056265,17.91111111111111,28.01926298157453,4.988888888888889,43.466944299843824,12.455555555555556,26.78495986480776,41.328393031654606,4.287097640829478,37.457275732616125,223.0236353350343,223.0236353350343
94523,6013323517.333333,5499.333333333333,-122.07763130000001,37.95201645,10.74191736516562,15.99008236678434,0.037014075,14.704418170504068,8.836060701500001,33.66728894420245,0.16075312616666668,38.66832607342874,269.1989029666667,16.337787769035415,40.988395485,39.82356647763077,0.11791917333333334,11.86206896551724,897.3732809166667,62.22805701425355,1017.7796996500001,44.11666666666667,0.9,8.778151051387333,24.0,59.261718966185185,0.2925,44.6393117140966,1.5,18.16463670726585,0.03333333333333333,1.6113020236731581,30.614356370943785,3.738006831982677,23.26488280439744,31.478333333333335,27.56522100365572,3.8816666666666664,29.362329997433914,10.326666666666666,32.21585244267198,3.0666666666666664,11.640512950307931,3.216666666666667,24.904136779898053,10.799999999999999,12.793132328308204,4.233333333333333,34.02958528544162,12.266666666666666,25.50063371356147,25.74403401304532,2.6704930771982105,15.414355353841003,215.78914538220457,215.7891453822046
94526,6013345565.2,6387.4,-121.98580646,37.8131449,4.919855952395774,3.6636409480584993,0.039843614,20.25637834474178,8.554354556,24.69446172993154,0.1510951578,44.27380211574364,126.25139176,4.7308604970650645,24.951380684,18.402016383112795,12.5757539972,24.675862068965507,423.70999552,48.2195548887222,1878.53311254,78.55,6.7,43.497573721537876,8.5,34.457911339863855,0.383,54.504301786896065,0.2,2.49055018899622,0.0,0.0,30.98026713817648,3.782684463981172,20.31611698817672,17.268,6.435692921236298,4.296,34.665127020785214,6.4,6.261216350947149,1.94,5.796001012401924,0.78,5.002030044660982,8.040000000000001,6.758793969849246,3.1,19.151483602290476,8.120000000000001,8.62864385297846,12.427367963712891,1.2891219805751128,3.0257186081694405,227.37752214600906,227.37752214600903
94530,6013384990.909091,2796.5454545454545,-122.30148720909091,37.91815772727273,14.579350634309025,24.27222298629257,0.02948753909090909,3.188323810601345,8.933933733181819,35.86128868020592,0.30571535054545457,62.19833682185891,110.41238240000001,4.20881728487573,60.4970332409091,66.20266941628,0.001153627,1.5768025078369865,1208.527693318182,68.0465570938189,612.9764896090909,27.976136363636364,5.45,29.739726492246096,9.354545454545454,32.2294839478967,0.19090909090909092,26.789001865110393,8.090909090909092,67.00775075407581,0.6681818181818181,18.160991356867644,34.03337462600595,4.155468281808411,29.208576115856758,39.82454545454545,40.80259222333001,4.049090909090909,38.41533114050435,8.285454545454545,16.311293392549636,5.945454545454546,22.26248820781851,7.0,44.48750599785922,18.327272727272728,28.955002284147994,4.4818181818181815,38.03890019402774,14.136363636363637,34.590390597995146,32.754964854248854,3.397754479457937,25.628065832301846,201.94097674447892,201.9409767444789
94531,6013329756.833333,8007.333333333333,-121.76985855,37.965696533333336,21.84798082666032,41.1875945537065,0.043993003333333336,35.96349305123417,8.664789913166667,28.548019083177763,0.11084681233333334,34.893175689690956,273.3001321,17.322342949918802,23.879414895,17.36189876076454,10.705055461166667,38.18390804597701,230.468221,36.97382679003085,1170.0157081,64.90833333333333,0.8250000000000001,6.958442204802783,8.799999999999999,24.132492113564684,0.3466666666666667,54.59298477829251,5.0,40.22119557608848,0.0,0.0,31.239924120193834,3.814388529909998,23.15287284795686,94.61,89.80558325024924,5.295,54.599692070823714,16.14,70.9766533732137,9.566666666666668,38.774993672487966,4.383333333333334,32.09049487977625,17.183333333333334,27.10008375209382,5.516666666666667,49.184452542078766,16.366666666666667,45.4098014364174,55.152970743999866,5.721155685396185,58.142124726844834,212.21323059048663,212.2132305904866
94533,6095252496.0625,4572.875,-122.0252403625,38.2685452875,27.0023415313706,51.192164649520926,0.04145040875,25.233354075917852,8.4473984925625,22.009178593652763,0.141931800375,41.79215930304916,295.69130293125,21.907393530660663,48.2179257124375,49.14382482671707,4.787008809375,8.81681034482758,524.0537084,52.32245561390347,1024.23950333125,49.15,2.90625,13.946435237028743,14.5375,41.27614975925619,0.810625,59.3274321641297,2.75,29.226165476690486,0.0625,2.2322451317296688,32.26515987531638,3.9395696119685506,25.406813939016804,126.83874999999999,96.63743145563309,5.446875,62.08140877598152,17.098125,76.01336615154534,17.00625,56.930207542394335,5.833333333333333,36.49659403617991,32.55,54.19205402010051,7.778571428571428,67.91570610545102,17.025,46.50269328263625,65.37055084045562,6.781050840113454,72.67240292486132,225.6725629725356,225.6725629725356
94534,6095252293.625,5788.125,-122.091760975,38.248812825,16.728177666240125,27.45524457892083,0.0404638675,21.45924082140635,8.549466786125,24.730864965774725,0.12993728525,39.7121966397013,314.8112409625,26.501810915449,21.17561746875,16.10428481411468,72.45655167812501,43.99137931034484,745.3300463875,57.98637159289822,1527.2363334999998,70.0828125,0.5125,6.298992161254189,9.59375,29.455835962145123,0.316875,38.27266710787556,3.5,35.423666526669464,0.5875,14.63917525773196,33.32010259768585,4.068377908827281,28.43186060983198,59.585,63.31162761714856,4.8125,51.44822940723635,10.31,31.636340977068773,8.1125,29.347000759301427,4.3,27.721951549600767,13.1875,17.374371859296478,3.7625,27.575156168662158,10.8125,23.046577946768068,36.9058721619385,3.8283384828685723,30.542423096318693,207.3251712514966,207.3251712514966
94535,6095495201.0,1317.3333333333333,-121.94598283333333,38.26835223333333,14.7775526529946,24.9621785173979,0.042584083333333335,28.877826177141632,8.226497584,16.83053308442233,0.013897068666666665,5.05289359054138,535.769449,63.6193330835519,49.935234025,51.5059861373661,0.0,0.0,485.9759962,50.97941151954657,852.39780255,48.09375,12.0,68.9436356849571,108.60000000000001,63.51209253417454,6.125,98.3013456871829,1.3333333333333333,14.594708105837901,0.39999999999999997,15.127911416571216,36.5226395800604,4.459407038257393,35.03837378137313,18.87333333333333,10.613991359255573,3.815,24.775468308955652,9.133333333333333,22.7525756065138,2.2,6.979245760566945,1.5,11.2735146839897,27.5,49.0577889447236,,,23.799999999999997,73.2382762991128,28.3612755697724,2.9419860939901197,17.79500756429655,225.73427903747543,225.73427903747543
94536,6001441786.083333,5837.75,-122.001179525,37.56097478333333,15.621301563338543,26.871112792065905,0.03791503666666667,16.221738228583284,8.492437903833332,22.977598008711883,0.3342307059166667,69.56855424185854,209.45728008333333,8.855792847924729,38.00383983333333,35.632220121823146,0.3124891651666667,10.701149425287367,210.52861089166666,35.286946736684165,1388.6799571416666,66.16562499999999,6.0375000000000005,43.01200696777405,29.504166666666666,69.14743483313966,0.19208333333333336,32.11780277961614,0.75,9.339563208735825,0.25,8.999618174875904,32.95856378184886,4.024234091225804,24.81642812694462,38.895833333333336,39.62902957793285,5.9433333333333325,68.79116414335815,11.289166666666667,40.45675473579262,6.491666666666667,26.790685902303228,7.433333333333334,48.143636937790404,11.85,14.95184254606365,3.0083333333333333,18.58623980565678,9.766666666666667,15.737220109843683,37.23378727301304,3.8623539380062373,31.0871575054631,216.49328345687744,216.49328345687744
94538,6001442371.384615,5625.307692307692,-121.97182423076923,37.534340776923074,19.705051450576317,36.67035183676636,0.03822010846153846,16.910631372361276,8.552525340076922,24.6814417691829,0.22353139146153847,58.403140108180565,204.7920209,8.28025477707006,36.35166148476923,33.81707139741165,0.0,0.0,300.0493588538462,40.69094196626077,1328.5854656307695,68.03076923076922,12.346153846153847,60.946966434088495,21.515384615384615,61.779843931595565,0.55,59.442040421524204,0.0,0.0,0.15384615384615385,4.069080976297469,33.31704966933676,4.068005146882259,25.949930592120992,47.53923076923077,52.875987422348366,5.678461538461538,65.34809814255541,14.093076923076923,60.08512922770148,8.084615384615384,33.95342951151607,12.161538461538461,66.66874876375486,11.946153846153846,15.070545032856593,3.930769230769231,29.458815520762432,11.669230769230769,23.47080042897533,46.58043639122074,4.831905242690123,45.12296830753716,220.27177345382896,220.27177345382893
94539,6001442896.181818,4637.727272727273,-121.92449202727272,37.514635772727274,11.345928088659312,16.758355109338464,0.03960417,20.264750806132266,8.400773055909092,20.60643774396107,0.3157409657272727,65.29501612264526,227.02637181818181,10.839379179581499,18.278386452454544,12.387008076989177,0.05611524890909091,11.865203761755488,359.7765466,42.917547568710354,1698.4129335454543,80.00795454545454,10.604545454545454,52.05979164545795,9.577272727272726,42.034322974054014,0.415,49.80566752902955,0.0,0.0,0.09090909090909091,3.246902009788609,31.825053760991135,3.885832742827429,23.275442665610672,21.61,11.271866219523261,5.246363636363636,53.4595376396762,10.407272727272726,32.98173660835676,4.472727272727273,18.21403097029521,9.481818181818182,58.13186677985703,5.518181818181818,3.1041571493832794,4.027272727272727,31.13671856514127,7.181818181818182,6.576794561585434,28.00188021388558,2.904705114273162,18.09127584467978,219.12583685355864,219.12583685355864
94541,6001435958.833333,5219.25,-122.08515415,37.672926358333335,26.36880982388446,49.86342242393679,0.03546529666666667,12.277535780958324,8.653677802583333,28.185023853972208,0.37164387033333335,70.5237502592823,190.58922844999998,6.961616918529619,64.44421659333334,70.69103129594625,0.05238715866666666,5.0,490.10766516666666,50.92314745353004,1427.1660901666667,53.697916666666664,9.491666666666665,47.07602339181286,25.191666666666666,55.80967402733964,0.27125,39.901831016986534,0.6666666666666666,8.301833963320734,0.0,0.0,34.92762601237109,4.2646561984590265,31.874092511927,77.14916666666666,78.63804420073114,5.151666666666666,54.55050893849969,14.65,61.60061482220005,16.8,55.88247701003966,10.783333333333333,62.066359904362336,24.150000000000002,41.35573701842548,4.1,31.927815373937193,18.150000000000002,52.17574989438106,56.80567524701971,5.892594859681473,60.66355690031938,215.42020869339407,215.42020869339407
94542,6001435801.0,5782.0,-122.0575129,37.656965,19.023753111926034,33.69894099848714,0.036706045,14.2688238954574,8.461153707,21.8232731798382,0.26151913299999996,56.65836963285625,186.662033,6.74409891345073,47.307313085,48.1600504095778,0.0,0.0,515.516332,52.10052513128285,1099.0600979,62.825,2.375,22.48040313549832,12.75,40.469865515523836,0.1875,31.4956982131039,0.5,6.22637547249055,0.0,0.0,28.593167919313,3.4912201235059053,20.728064716863734,43.135000000000005,44.57253240279165,6.24,77.42494226327946,9.834999999999999,29.44292123629113,11.149999999999999,42.2867628448494,9.600000000000001,48.9579104073623,24.2,41.218592964824154,5.65,48.2431025507548,18.0,48.3269961977186,48.143402480278,4.99403562670872,47.39031770045385,212.09981198796723,212.09981198796723
94544,6001437463.625,4788.5625,-122.0674457375,37.636776312500004,28.607731797780463,55.636976802824,0.036410844375,13.813783447417574,8.6340771660625,27.608898568761663,0.462901451375,66.43823895457375,193.3147422625,7.20229174472337,66.1532800775,72.24322621298047,0.00748991575,1.6853448275862062,619.29128903125,55.42713803450864,1661.72267409375,66.10625,3.875,23.789193729003355,20.090625,60.935165200066415,0.38906250000000003,41.79599602911979,0.0,0.0,0.0625,2.2322451317296688,34.4606043218739,4.207632942813534,29.120255133789673,101.05125,92.93993020937187,5.9675,68.10848088273029,20.270625,88.23451520438684,20.0625,62.51107314603897,13.479999999999999,68.22303424008662,24.53125,41.685772613065325,4.3125,34.928097345132755,15.981250000000001,42.39068441064639,66.29910371259803,6.877371953409542,74.31527357539082,216.90712749923517,216.90712749923517
94545,6001437550.333333,4217.333333333333,-122.09626580000001,37.63385053333334,32.99927053075527,63.96243066061523,0.03521714833333334,11.738228583281483,8.671116453666667,28.8321924911844,0.378901407,78.834266749637,186.66203299999998,6.74409891345073,63.148244635,68.31968073934047,0.0,0.0,1025.5082128000001,64.40360090022504,2250.4409051666667,85.87916666666666,3.525,24.374766703994016,17.558333333333334,56.63290718910844,1.7525000000000002,90.0264725347452,0.16666666666666666,2.0754584908301834,0.25,7.052310042000767,40.74006391769405,4.974353712178225,44.982368803152866,93.08833333333332,90.63019275506811,6.361666666666667,77.66871952784193,17.82166666666667,79.75864074443335,16.033333333333335,56.58694001518603,10.4,60.19759101366895,22.150000000000002,38.35427135678392,4.0,30.737029325004332,15.766666666666667,41.856780735107726,64.11618674913232,6.6509325136512,71.54353672886201,212.63964529107366,212.6396452910737
94546,6001430710.2,4151.6,-122.08160348999999,37.70902073,17.087062408893214,30.158850226928895,0.035308985,11.77722464219042,8.6677031646,28.68574984443062,0.1677101071,44.71810827629121,133.11540954,5.776195828649925,56.531511515,60.598613736609956,0.0066746797,4.682758620689659,399.83520305,47.026756689172295,1094.13544682,45.75875,4.99,31.9746173945502,20.43,52.06541590569484,0.32199999999999995,41.98544010589014,2.7,27.513649727005458,0.04,1.44329896907216,31.084174609983712,3.79537154564976,24.327317983820794,53.071000000000005,59.26221335992027,4.397,40.23351295868617,11.837,44.21485543369887,7.63,30.550493545937734,6.7299999999999995,43.92204628501827,14.98,21.900753768844215,3.7777777777777777,28.24772977037423,14.290000000000001,34.80608365019012,39.72637176345705,4.120915965336116,36.177508825012595,220.54202998426007,220.54202998426007
94547,6013365783.2,4476.2,-122.27235639999999,38.01241038,16.0466543510614,28.028240040342922,0.03396208,9.956440572495357,8.802275638800001,32.84629744866212,0.3318470772,74.5065339141257,110.4123824,4.20881728487573,13.0895786382,6.4146187775677275,0.0,0.0,702.37006228,58.177044261065284,1253.3087945,64.205,11.31,59.361702127659555,0.9,5.55205047318612,0.373,48.219722038385164,10.0,82.9693406131877,0.0,0.0,33.93308370506056,4.1432227802816985,27.178593652769138,45.918,50.32901296111662,5.488,59.358480882730305,9.926,28.955633100697902,7.140000000000001,30.12655024044546,5.4399999999999995,38.838814453918,13.080000000000002,17.54522613065327,3.88,29.208745445080684,12.42,25.771863117870726,37.25630776288762,3.86469004478246,30.99344427634898,215.7213995571814,215.7213995571814
94549,6013349040.0,5889.8,-122.11975333999999,37.89468594,5.377286214385248,5.252143217347443,0.034342371999999996,9.1698817672682,8.7390027318,30.99937772246422,0.096379882,32.55756067205972,139.67885502,5.867366054702142,43.852141794,43.20856962822936,0.0505827912,18.724137931034498,621.35900068,55.688922230557615,1007.16052344,51.18,4.2299999999999995,31.13475177304964,17.25,56.51004482815872,0.223,36.13500992720052,1.6,19.10121797564048,0.0,0.0,30.14171963412958,3.680297980297192,20.9284380833852,21.54,11.709870388833512,2.95,12.178598922247884,7.223999999999999,9.823030907278174,2.7,10.017717033662368,1.7600000000000002,13.447015834348367,7.779999999999999,7.005025125628142,4.075,31.32157730348775,10.059999999999999,18.35487959442332,13.07412198743485,1.3562113940727916,3.9586485123550177,223.52133642384734,223.52133642384732
94550,6001451435.833333,5237.583333333333,-121.7592095,37.65947773333333,10.399651982458622,14.829172970247091,0.04449092333333333,38.076125285210516,8.31638566625,19.161999585148315,0.09609259066666666,33.024268823895476,470.13555784166664,56.00203988177008,26.101230042500003,21.1877756773787,16.001916707833335,39.69252873563219,125.16373558916666,26.3503375843961,719.9771529666667,33.17395833333333,7.916666666666667,37.21537887271369,31.741666666666664,51.58005423653773,4.657916666666666,61.07875579086696,2.75,25.608987820243584,3.591666666666667,18.543337151584574,35.157520417026824,4.292726259603717,32.14893175689691,29.4575,24.33325024925223,3.9408333333333334,30.984304165597468,9.961666666666668,29.779411764705888,4.641666666666667,19.299966253269222,3.1333333333333333,21.859069788424225,9.658333333333333,10.868927973199327,2.9,19.680504945340967,9.091666666666667,16.45542881284327,22.999217473900284,2.385766388201001,12.450621953269469,230.03935143914785,230.03935143914785
94551,6001451345.0,5298.285714285715,-121.76945128571428,37.70109538571428,14.605272174605158,24.335422519991372,0.04456089857142857,38.25406702818028,8.42886981657143,21.200106676149,0.2069581417142857,57.832696239665765,451.9721199285714,53.50318471337579,33.14045992285715,29.93608785669277,2.023559754142857,17.30541871921183,192.71538289999998,32.7814096381238,1547.8395231142856,68.15892857142858,3.5928571428571425,25.649229456620258,35.542857142857144,62.28979388534426,1.58,73.44804765056253,2.142857142857143,24.443511129777384,1.2142857142857142,20.15382097856326,40.3132851602935,4.922244110670401,44.01102320206241,29.81142857142857,24.73294402506767,4.285714285714286,35.63363759668609,10.56142857142857,34.56772539524285,8.2,31.666485880608885,4.828571428571428,33.8785453279972,12.214285714285714,15.994256999282138,3.5,25.214731910463303,11.442857142857141,23.53793228317944,28.693221648231013,2.9764196914627443,18.901736186153734,227.4509600423667,227.4509600423667
94552,6001436476.5,6657.5,-122.007300625,37.7037963,8.059222203030345,9.436459909228441,0.0382025825,15.8338518979465,8.421667513000001,21.1138767890479,0.061711461999999995,21.58680771624143,245.277634125,20.241663544398655,17.10498775675,11.94391934467548,0.05856273125,19.887931034482776,346.912414575,44.39234808702175,2822.0454497749997,75.71875,1.775,13.097237775289278,8.7625,38.33222646521668,0.185,31.747187293183337,1.0,12.195506089878199,0.5,13.224513172966775,26.466373754253475,3.2315389783958626,13.378967019290613,28.8375,22.73803589232305,4.535,37.5673595073133,8.6225,19.68158025922236,5.55,23.611111111111125,5.5,39.981729598051125,6.575,3.6023869346733677,4.5,36.475143154607,7.5,6.34664131812421,24.33286382146645,2.5241088615212774,13.940368129097315,212.2960413466462,212.2960413466462
94553,6013327878.076923,4508.538461538462,-122.1334574923077,38.00339217692308,18.279856567331386,32.64284883044339,0.03625750153846154,13.390455219951189,8.771461297461538,31.91996553539802,0.18406995476923077,54.796802450816145,217.8484713,11.09029599100786,44.404191479846155,44.81314526683147,1.504689847076923,15.928381962864714,3051.725359046154,75.66507011368226,789.1246039284615,37.14903846153846,4.357692307692308,26.95466161311625,14.726923076923075,48.31734760341767,0.77,61.65860611922821,4.615384615384615,41.30617387652247,1.8846153846153846,21.510265221605433,37.04589987910018,4.523297016835297,35.661289550524145,53.370769230769234,58.91076769690929,4.716923076923077,42.397504984110064,11.280000000000001,40.233146713705054,7.300000000000001,28.28689912972374,3.25,23.463932873189876,17.753846153846155,26.271743332044835,4.638461538461538,34.51627757978617,12.930769230769231,29.769913229989267,38.06926347548072,3.94901997541604,32.53035416424221,231.00978300423952,231.00978300423952
94555,6001441482.166667,5588.333333333333,-122.04754033333334,37.57294865,12.992562296866467,20.377374348630017,0.03655203,14.051026757934068,8.580771997666666,25.666874092511932,0.47388461350000005,85.5797552375026,204.7920209,8.28025477707006,18.243516970833333,11.256038647343013,0.035205196333333334,8.48275862068965,263.04105546666665,39.2514795365508,2897.188465333333,91.96041666666667,1.0250000000000001,12.252706233669267,2.25,11.766008080137249,0.17833333333333334,27.215971762629596,1.3333333333333333,16.089178216435666,0.0,0.0,28.1989746475472,3.4430892033216414,14.903546981953951,31.888333333333332,28.250664672648714,5.958333333333333,72.36549482507913,10.265,31.744350282485883,5.7,23.179785708259498,10.733333333333334,63.68701222538007,8.266666666666667,8.211892797319939,3.9,29.201370813812233,10.533333333333333,18.26573722010986,36.314664839857116,3.7670110677475717,29.58690536224577,219.72813024842333,219.72813024842333
94556,6013352134.666667,5244.333333333333,-122.11331360000001,37.83845843333334,2.8526189154719734,1.0505967389477224,0.03375918666666666,7.575191868906867,8.624384074666667,26.8823895457374,0.02618598,9.40053930719767,113.12938866666667,4.312892885391947,27.295500713333336,20.705734089477033,0.012624809333333334,13.620689655172399,483.0219997666666,50.84604484454447,506.86896709999996,21.483333333333334,0.0,0.0,12.333333333333334,52.056007526703205,0.225,39.19699977939553,1.0,12.1097578048439,0.0,0.0,19.793085634876267,2.4167318245307565,3.1777639493880936,13.693333333333333,3.157195081422401,1.9533333333333331,2.142673851680779,6.066666666666666,4.532236623462945,0.5333333333333333,1.0419303130009292,3.5,26.922903414986234,9.366666666666667,9.547738693467343,4.3,34.53930244664237,11.066666666666668,21.351922264469792,10.97906397268436,1.138885782947332,2.071776769204907,211.7964910779625,211.7964910779625
94558,6055200880.956522,3597.521739130435,-122.29432974782608,38.32809206521739,18.29688853357847,32.55829311048676,0.039089686086956524,18.76951381185573,9.326646069695652,39.584967939179144,0.10149334108695651,33.39736478991369,468.43985033478265,52.03436123826437,40.32180863318182,38.30268660136335,25.68240338126087,58.94002998500749,541.2290247391304,51.629755264903174,743.888003602174,37.994565217391305,4.039130434782609,22.170829478877586,10.902173913043478,40.390098824072936,0.24717391304347824,33.71737691710068,1.608695652173913,17.7583404853642,1.4869565217391305,22.17839533841327,36.67560339312204,4.478083889449112,36.311246990070615,44.11347826086956,47.4012744375569,3.788095238095238,29.551425394381518,11.974347826086957,45.34982010490267,13.547826086956523,45.386968626544736,5.2299999999999995,35.067668155366086,21.656521739130437,32.7818440026218,3.9899999999999998,32.11608537220197,13.352380952380951,31.732150401351923,38.21833107457462,3.9644831305382344,32.815239055783685,212.5761645962733,212.5761645962733
94559,6055200402.0,2946.0,-122.29692651428572,38.29237047142857,22.44552755591634,42.20697356098265,0.03867295857142857,17.590896968619443,9.650491965714284,43.694550626722354,0.16595808771428572,50.44715085785405,464.09638371428576,52.107976948741296,60.690791381428575,65.66387613646594,11.399128533571428,32.783251231527096,606.7262413428572,55.30668381381059,548.3968789428571,25.7,8.72857142857143,43.251746387244715,39.82142857142857,79.18692630630206,0.17785714285714288,27.824524912546103,2.142857142857143,25.202495950080987,2.757142857142857,54.158075601374556,43.916116825814925,5.3621491414024804,53.553204729309286,37.66142857142857,37.5997008973081,3.89,35.15891344990653,9.605714285714285,27.862840051274766,15.442857142857141,52.888961203312014,8.785714285714286,52.750227171664434,27.914285714285715,49.0667623833453,3.7857142857142856,30.443593366550164,15.528571428571428,41.53177620858229,39.43837443309366,4.0910412814929655,36.4545061594986,211.43649786373211,211.43649786373211
94560,6001444056.555555,6131.555555555556,-122.02364435555556,37.52506044444445,22.708884194986243,42.83493024037653,0.036533569999999994,13.702551337896722,8.590498838111111,25.776118371015688,0.26679837044444443,62.379865864620065,208.50401918888892,8.496732026143786,39.670256058888896,38.72855842610097,0.004450562888888888,3.888888888888895,260.5071886,38.5665860909672,1237.6535781333334,54.12222222222223,27.566666666666666,48.92165401683877,47.96111111111111,84.74735735237147,2.8094444444444444,80.41767777042429,0.3333333333333333,3.6842596481403667,3.783333333333333,51.312205676466824,38.410670566604075,4.689935246696014,39.9350065684851,58.98777777777778,66.06153760939407,5.44,60.18019559205087,13.92,58.877534064473224,9.488888888888889,38.58094997047161,7.822222222222223,51.002240567811,11.8,15.266610831937461,4.188888888888889,33.26103302678004,11.255555555555556,23.371356147021547,47.00143026538852,4.875575990869611,45.6533310920603,209.5857619577308,209.5857619577308
94561,6013301839.333333,7235.833333333333,-121.6971311,38.002616499999995,26.4459999803497,51.117834930240384,0.043993003333333336,35.96349305123417,8.628650572166666,27.1956025720805,0.10944201066666666,36.97987969300975,378.11263138333334,39.50709795595518,31.018017439999998,26.303297626549035,11.736666378833334,61.137931034482754,135.24519516666666,27.490205884804535,437.86350426,16.875,9.583333333333334,57.04864999377876,12.5,49.39398970612652,0.5358333333333333,42.761967791749385,16.0,96.2620747585048,0.9166666666666666,16.29247804505537,40.3531949137674,4.927117083642318,44.0136901057872,77.94833333333334,83.73213692256566,4.3566666666666665,36.23727653750748,19.06833333333333,84.33865071452308,13.516666666666666,51.00396524086728,2.8000000000000003,22.028240176839457,24.683333333333334,41.87395309882748,4.0,31.61114003123374,11.866666666666667,25.669623996620206,51.27003628353818,5.318369176078227,52.32181879307445,212.59030658531188,212.5903065853119
94563,6013353241.6,4093.6,-122.18167645999999,37.8702425,4.344043561927322,2.594553706505294,0.031375622000000006,5.080273802115742,8.7850393676,32.3434971997511,0.0641552392,23.79838207840698,146.66149828,7.383539403022349,39.80436024000001,37.30308758664148,0.031036345,12.82758620689657,580.8005330399999,54.35358839709928,927.8125827,50.777499999999996,5.15,37.57745427398282,1.26,7.424871326581446,0.187,32.57445400397086,4.6,44.8845023099538,0.8,21.15922107674684,28.23032142224352,3.446916638285672,16.443061605476032,13.112,2.375373878364904,4.292,36.79240441365151,6.168,4.4566301096709875,1.8800000000000001,5.717539863325738,1.6199999999999999,11.909595344430901,6.919999999999999,4.964824120603016,3.2600000000000002,20.76522644456012,8.72,9.87579214195183,12.594032525101747,1.3064105126356926,2.985375693393849,211.7006902754983,211.7006902754983
94564,6013359135.666667,5754.0,-122.2852376,37.9976828,19.441055976716367,35.8967893763658,0.03304924,7.517112632233979,8.820889255666666,33.08027380211576,0.206922596,56.726820161792126,110.4123824,4.20881728487573,42.19524220666667,40.49149338374293,0.00047447433333333333,1.8735632183908033,704.7369960666666,58.2645661415354,1455.5651645666667,55.833333333333336,11.333333333333334,62.803284807764065,2.0,14.743483313963132,0.3133333333333333,50.44341495698213,10.0,82.9693406131877,0.0,0.0,35.563633242628136,4.342312554943714,31.437461107654002,49.97666666666667,56.135759388501164,4.97,51.33863655803611,11.183333333333332,39.53971419076103,10.966666666666667,42.8667847802244,4.033333333333333,29.828122885370167,16.866666666666664,26.712730318257936,5.8,54.3119902828388,13.133333333333333,29.50147866497677,42.8244623827165,4.442288658794827,39.363758614893264,215.7213995571814,215.7213995571814
94565,6013312673.5,5625.642857142857,-121.90434194285714,38.01918190714286,41.1771235222239,75.25214321734745,0.04357260071428571,34.007467330429364,8.702849024428572,29.684416392568234,0.2171681225714286,60.85785403146946,306.87781883571427,25.048618173384007,52.64981912571428,54.671887658655145,0.0,0.0,1670.327581507143,68.44925517093559,962.4985908571429,49.824107142857144,16.678571428571427,49.97333759931745,21.064285714285713,58.45212400085387,1.217857142857143,52.15183889571712,7.5,57.924341513169736,2.4892857142857143,35.97938144329898,43.844035388515366,5.353348012225689,53.52209085252023,132.89785714285716,97.49501495513461,5.889285714285714,65.78045382895267,19.94214285714286,87.01395812562313,24.6,70.23086379578406,9.914285714285715,53.444309108133716,36.56428571428571,62.01992103374011,9.192857142857141,77.13058674797352,18.95,56.406844106463886,73.63815696416125,7.638670314480584,83.97719904905988,213.77527027184288,213.77527027184288
94566,6001450664.428572,5168.857142857143,-121.87382427142857,37.66876571428571,9.596507052208624,12.612563936315826,0.04210838142857143,27.671793048270946,8.418556939285715,20.810738732331743,0.16026035242857145,45.07245088452309,406.7701819999999,44.7858124141376,21.434164362857143,14.404536862003775,6.822099613285714,20.832512315270947,192.80276054285716,33.87454006358733,935.8241096285716,51.31071428571429,1.5,12.027408947901657,22.449999999999996,59.495742510851265,0.47785714285714287,61.74907818852227,2.0,23.456530869382615,1.75,21.845851742758956,33.468565701114414,4.086505224266783,26.610365365810313,26.485714285714288,19.07669847600056,4.007142857142857,30.420836540928924,8.128571428571428,14.365831078194,3.6142857142857143,13.672849549842704,5.414285714285714,39.185662084565855,10.742857142857144,12.643575017946874,3.257142857142857,22.746709303190308,11.942857142857141,26.2900597501358,22.0977799197554,2.292258014701704,11.186153735321668,220.2952996273716,220.2952996273716
94568,6001450336.285714,5420.285714285715,-121.90642357142858,37.71199451428571,12.955561566007662,20.311937180318413,0.04163696,26.114321273002027,8.51778459,23.40119121699707,0.4062089344285714,74.84398613210065,372.30990237142856,38.93735838284357,15.555207914000002,10.65442434062471,0.0,0.0,266.40418934285714,39.4545064837638,1527.8081471,71.75178571428572,2.5714285714285716,22.8096837839279,18.042857142857144,53.952705106615134,0.3371428571428572,49.339132079039416,0.2857142857142857,3.4109317813643716,0.7142857142857143,13.4969726722304,33.297092823513275,4.065568419971228,26.72415325806737,29.815714285714286,24.944808431847314,5.685714285714285,64.55515231496756,8.537142857142857,17.77346531833073,5.114285714285714,21.390606356437804,9.842857142857143,60.05645457533399,10.028571428571428,10.574300071787501,3.457142857142857,25.386703353907937,9.700000000000001,14.667753032772058,31.086486083214844,3.2246790008736297,21.864418989986316,213.69144899503075,213.69144899503075
94571,6095253500.0,10676.0,-121.7715997,38.2050259,41.7641896181487,77.7609682299546,0.04429899,35.2706907280647,8.214732915,16.5650280024891,0.021159226,7.66645924082141,524.9499819,62.6451854627201,24.16593582,16.9628229363579,88.78025977,76.2068965517241,253.3969981,38.6471617904476,287.8902401,7.65,10.2,61.6834639790967,84.75,95.6500083015109,1.9,92.2567835870285,22.0,99.0340193196136,18.5,97.8694158075601,51.5674331257061,6.29637334184323,74.4617299315495,81.35,85.8424725822532,7.08,90.6723120348986,19.14,84.6211365902293,10.9,44.9379903821817,4.1,32.0341047503045,27.2,48.9195979899498,,,14.8,37.4778200253485,63.9438426780366,6.63305483183474,71.3943519919314,221.5440570515157,221.5440570515157
94572,6013358000.0,6285.0,-122.2538488,38.0481856,49.3362299567958,87.2415532022189,0.03521715,11.5619166148102,8.85589441,34.150591163659,0.305339305,77.0006222775358,110.4123824,4.20881728487573,75.45276831,85.1543793320731,0.0,0.0,2106.280029,80.2450612653163,1752.941985,82.9375,22.5,84.2105263157895,37.0,84.3433504897891,3.295,96.6247518199868,10.0,82.9693406131877,1.0,35.7159221076747,56.8625000846177,6.94289996577066,85.9863098942128,100.6,92.8215353938186,6.68,86.15601744932,16.64,74.364406779661,14.3,53.872437357631,3.5,28.0416835837055,34.4,60.7914572864322,7.0,67.4778761061947,17.7,52.6108998732573,68.5030953578553,7.10599752265326,78.1013615733737,218.75814932155657,218.75814932155657
94574,6055201567.666667,2649.0,-122.46705336666666,38.495559166666666,16.520296644542867,29.130946377542468,0.03716809,14.922215308027399,7.805556746666667,11.752748392449668,0.08584309400000001,31.798382078406963,551.1296059333333,60.99246492652262,43.090374733333334,41.59630329762653,60.812966386666666,72.8045977011494,17.270072944333332,9.073101608735511,679.7217775333334,34.583333333333336,15.583333333333334,71.25793206420306,20.5,65.07831091925401,0.19999999999999998,31.617030664019435,2.6666666666666665,30.512389752204967,4.333333333333333,62.772050400916406,40.54277647389413,4.95026495447733,44.39742791951877,25.496666666666666,17.3936523762047,4.656666666666666,43.05448635702677,8.656666666666666,20.62146892655367,12.366666666666667,48.14814814814813,7.533333333333334,51.01276672531236,20.3,33.97822445561137,3.9,33.19885476314419,12.166666666666666,24.37684833122097,32.58308551897456,3.379925005851323,24.029248613212303,211.27589060885836,211.27589060885836
94577,6001432455.888889,4807.666666666667,-122.15783814444444,37.724517911111114,31.68075284010521,59.271866420126635,0.03254210111111111,7.226716448869532,8.525216198444445,23.701859918412513,0.7644609164444445,88.50584249464151,110.4123824,4.20881728487573,67.10248799222222,74.62017783378843,0.0,0.0,535.9903711444445,52.358923064099365,1564.7745167444443,66.64722222222223,19.583333333333332,56.89311932313053,43.111111111111114,81.39908129946316,0.5027777777777778,45.06360761820722,5.555555555555555,49.666340006533204,3.211111111111111,27.47868143057146,43.80585191743616,5.348685817991271,52.106755168360635,75.72222222222223,82.53711088955357,5.052222222222222,51.24882388161834,13.675555555555555,57.9580702337432,14.899999999999999,51.6324981017464,9.600000000000001,55.93449722560562,22.38888888888889,38.24539363484087,5.4,46.7551622418879,16.855555555555554,46.9356428672018,55.90765357461412,5.7994408241438435,59.23964812013224,220.3944244705879,220.3944244705879
94578,6001433078.777778,5618.0,-122.12873235555556,37.70430174444445,33.19393388710236,64.06678993668405,0.033936723333333335,9.88868146304365,8.66959512,28.716034017838613,0.6540780771111111,89.92048675931686,120.06539804444444,4.516881062403728,68.72710565333334,76.52874046068753,0.0,0.0,429.63907538888884,48.546858936956454,1288.5882446111111,61.974999999999994,12.727777777777778,46.21542034755922,22.799999999999997,69.10546608371612,0.31666666666666665,46.86373998088096,1.6666666666666667,18.745625087498244,1.911111111111111,29.647448135420632,40.71290353402557,4.971037434727154,44.803982576229004,82.72111111111111,84.52420516229091,5.407777777777778,59.45741738659368,13.848888888888888,58.259942395037115,19.27777777777778,62.708456368289326,14.244444444444444,72.71469601960872,31.477777777777778,54.691513121161364,6.8875,58.839796980739195,21.27777777777778,63.23193916349809,64.78297621696534,6.720100253908782,71.98828934834988,220.9626511965618,220.9626511965618
94579,6001433450.0,6154.75,-122.156381075,37.688404275,29.01297506621885,55.32652546646495,0.0333345025,8.27940261356566,8.720346199249999,30.56004978220285,0.236731964,57.44555071561918,110.4123824,4.20881728487573,62.4189799375,67.55513547574037,0.0,0.0,484.078832,50.8814703675919,1463.622486625,52.425,4.175,26.213139231056342,13.8375,51.89274447949527,0.27625,42.018530774321626,10.0,82.9693406131877,3.45,30.183276059564722,38.16475426380802,4.65990891497081,38.811449906658375,61.195,69.74700897308072,5.9675,73.8548883756736,14.1225,59.58998005982055,17.625,60.14616552771453,18.975,84.03708214914063,21.85,35.879396984924625,4.4,36.4165799062988,15.925,40.9505703422053,59.60829239245753,6.183317350225733,64.96154815935449,220.9626511965618,220.9626511965618
94580,6001435533.333333,5114.666666666667,-122.12812666666667,37.676517933333336,27.01360156796767,52.60758110606823,0.03419029,10.5662725575607,8.724274943,30.69902509852727,0.39485124616666667,73.03878863306367,126.14691755000001,4.446109654052703,76.16060269166667,85.45893719806763,0.0,0.0,483.73972066666664,50.80228390430941,1990.3149961666668,70.15833333333333,0.6166666666666667,10.093940525071526,17.525000000000002,58.27383917206267,0.37999999999999995,49.543348775645256,4.0,35.958280834383295,0.0,0.0,37.355439818720406,4.561091781979211,35.61086911429165,72.59,79.79602858092387,5.59,65.05645368231974,14.991666666666667,65.29577932868064,19.333333333333332,62.8638319412807,10.216666666666667,61.60734425046238,17.066666666666666,26.666666666666668,5.283333333333334,41.642807565504086,12.266666666666666,25.517532741867342,56.85452858189882,5.8976625383726455,60.56900319381409,220.96265119656178,220.9626511965618
94582,6013351780.333333,8301.333333333334,-121.91363128333334,37.76828205,4.767780776996917,2.933266095142041,0.04178962833333333,26.550508193320884,8.445659682333334,21.516282928852934,0.020344840833333332,7.624974071769334,300.70735725000003,27.18246534282504,5.9255825841666665,2.4028565427431223,1.9434979055,15.201149425287367,343.284612,44.1547886971743,799.8819361,38.37083333333333,0.4083333333333334,4.656588279208667,0.75,5.459626985444683,0.18833333333333335,31.61703066401942,0.0,0.0,0.0,0.0,18.032537939853714,2.2017693006649335,3.3437046255963536,18.528333333333332,7.566882685277512,4.803333333333334,46.51227439911043,7.548333333333333,11.851944167497509,3.3333333333333335,12.64447819117524,6.816666666666666,46.65493751973656,7.466666666666666,6.260469011725299,3.4,22.51431546069757,9.700000000000001,16.94972539079002,21.49090943272672,2.2293058202808584,10.43872919818457,225.94549041051673,225.9454904105167
94583,6013345121.428572,5184.142857142857,-121.95797138571427,37.74918341428572,6.487093915999247,6.312585548591599,0.040270110000000005,21.500577829140372,8.54321207842857,24.284825317806014,0.21721655785714286,58.56164992443773,160.64586074285714,8.858320398222977,18.987781191142858,13.288324781708525,0.001501237,2.8472906403940845,354.1873823,44.82906440895938,1722.4299134714286,75.50535714285715,0.25,3.231482962725957,1.6785714285714286,11.361210597471594,0.25642857142857145,36.82518672591471,0.0,0.0,0.0,0.0,24.234142889368,2.9589840331798984,9.399946661925513,26.714285714285715,19.553838484546358,4.325714285714286,35.83159206715787,8.3,15.745620282011114,4.033333333333333,16.519024719480306,3.6142857142857143,27.13106355006477,6.8999999999999995,5.093323761665469,3.742857142857143,26.981854688778157,9.128571428571428,11.234836139779091,20.5286723265552,2.1294905570881473,9.197824364238889,221.34398649455275,221.34398649455275
94585,6095252704.0,5293.8,-122.0000408,38.229863019999996,22.8693543164504,43.11144730206756,0.041356788,24.71686372121966,8.3576256782,19.571873055382717,0.1098293012,34.51897946484133,336.83716347999996,30.69064568502558,29.083229892,23.931947069943295,0.0124944564,4.4896551724138,616.15579022,54.858714678669664,768.06561138,41.505,6.2,35.59537140724148,13.209999999999999,33.926614643865186,2.673,55.76174718729315,6.6,55.76648467030661,3.66,19.55555555555556,32.89735813490882,4.016760893891663,26.964530180460503,106.704,93.6814556331007,4.536,40.45676161149602,18.46,81.07926221335994,10.9,44.08251075677042,4.4,32.89755041277574,22.839999999999996,38.97738693467336,5.680000000000001,48.209266007287894,13.319999999999999,29.9746514575412,55.283716466564314,5.734718266412228,58.2879475542108,217.53718268371557,217.5371826837156
94587,6001440170.875,5066.5,-122.05499181875,37.59220335,21.761832326838327,40.14907967725667,0.0367451725,14.366832607342888,8.5806790781875,25.920970752955807,0.179885281,49.15448039825762,203.71445332500002,8.096040964156359,32.488615364125,29.095778197857598,3.995706531,20.314655172413794,466.66058355,47.56736059014754,1145.73350310625,49.9484375,11.246875,38.87294699514744,30.2375,56.558193591233604,1.085,43.53573792190601,1.8125,19.18705375892482,2.909375,37.68613974799542,33.428051149608116,4.08155840557524,31.11232109520846,59.981875,67.79505234297108,6.04,71.43315370798051,15.736875,69.72286266201395,9.7875,38.44833586433814,7.4625,48.8800920286913,14.20625,20.694880653266342,3.6375,26.083420093701207,12.39375,27.569708491761723,50.99282183200346,5.289613027242049,51.813855269793265,217.4363466719396,217.4363466719396
94588,6001450692.625,7149.0,-121.8789004875,37.690045225,15.541300486722628,26.837493696419568,0.04204302125,27.582451773490963,8.4003866225,20.530491599253264,0.224336679625,54.267268201617924,396.0642630625,42.94211315099287,13.372910779875,7.610270951480777,2.1861654625,24.10775862068966,220.893000925,36.32470617654414,2056.416934125,82.9859375,3.0875,21.173945502053012,15.23125,52.27876473518181,0.463125,63.37690271343481,2.625,29.61465770684585,1.125,22.68327605956471,37.30441961231115,4.554862224910751,35.63472308649658,30.36,26.12630857427715,6.59625,77.78740056453684,10.46625,34.14911515453639,3.9749999999999996,15.934257150088575,6.9875,46.46941399377454,5.95,3.1061557788944727,3.2875,21.79691566892244,8.675,10.590937896070983,32.800238764333486,3.40245085545703,25.11504034291478,216.9863234945397,216.9863234945397
94589,6095251787.857142,4893.571428571428,-122.25051354285714,38.138461099999994,36.55203685356256,67.81571932857864,0.03756412428571428,15.716952618010485,8.954573253857143,36.317894923993244,0.24110604928571427,59.59640856965064,329.1156644571429,29.845313921747024,54.55990353714286,57.767575839409474,0.0,0.0,1023.4652449714285,64.47147501161004,1423.3105659285716,70.69285714285715,0.8571428571428571,12.200714552338285,8.642857142857142,36.37959251440905,0.3735714285714286,40.96246572752198,1.5714285714285714,18.83362332753344,3.2142857142857144,44.771723122238576,38.07724778520925,4.649224391315256,39.32794026135655,211.27571428571426,99.79881783221765,6.53,77.49917518970635,20.555714285714284,87.83114940891612,15.057142857142859,54.62269949741477,9.316666666666666,55.336761853205196,32.74285714285714,55.897343862167986,12.5,88.25698420961304,20.17142857142857,58.83215643671918,74.82053040877884,7.761320870990654,84.98307038397812,213.4110181800689,213.4110181800689
94590,6095251270.4,3133.3,-122.25090507,38.10684835,41.57771734265629,74.60539586485125,0.036244,13.6154324828874,9.0958782966,38.985687616677026,0.3132606016,74.0721841941506,299.9714909,24.0289746471837,70.864683458,77.9067422810334,0.0900916425,10.16206896551724,994.9602622599999,63.64466116529131,813.2673298,41.09375,2.5,16.37364688316535,29.814999999999998,70.56616304167358,0.42400000000000004,56.416942422236936,4.4,39.29441411171778,1.2,25.57846506300116,42.507767214181385,5.190189933561578,49.50715619166149,199.35,99.8130608175474,6.542,79.02360790351554,21.22,91.5503489531406,17.11,56.48190331561629,6.588888888888889,40.265559916392235,40.55,66.80402010050251,9.09,67.7915148360229,25.6,76.6299112801014,76.3066751541155,7.915482384766041,86.63010590015129,208.01728103604097,208.01728103604097
94591,6095250479.538462,4088.6923076923076,-122.21079373076924,38.100718515384614,22.314021857309925,42.0749447224485,0.036386167692307694,13.8164759944474,9.033632936307693,37.8191565746015,0.16752248453846155,48.0541860131157,314.7208244076923,27.014823567839667,42.277906729692305,42.181183655663816,0.19026760307692306,3.774535809018569,1194.074714846154,67.87754630965433,1369.8675012461538,52.89326923076923,2.503846153846154,19.3815143423206,4.3076923076923075,22.905784237346577,0.11884615384615384,18.948225831084862,2.6923076923076925,25.343262365521923,0.03076923076923077,1.4873557141598384,30.323674262288094,3.7025146042538144,20.19912881144991,81.18307692307692,85.71688779814404,6.363846153846154,74.20994453327017,12.720769230769232,51.72559245340901,8.146153846153846,33.485193621867886,5.2272727272727275,38.124238733252135,22.93846153846154,38.33011209895632,6.953846153846154,58.28694990589837,18.26153846153846,53.428877839524226,57.806245268059534,5.996386492068414,62.086388145389655,218.71849495416888,218.71849495416888
94592,6095250801.0,4135.0,-122.3302426,38.1293945,48.5186279031573,86.1825516893596,0.03716809,14.9222153080274,8.96469607,36.5152457996266,0.139443082,48.4754200373367,336.6302529,32.7713250905458,33.44618135,28.481411468179,0.01548099,14.7931034482759,724.8813477,58.8022005501375,1478.244435,77.5875,36.5,91.6759985069056,123.25,97.6921799767558,2.62,95.0099272005295,14.0,93.3641327173457,3.25,64.7422680412371,55.528002238029,6.77995804377261,83.3727442439328,171.26,99.4142572283151,7.21,91.6345907108032,19.4,85.568295114656,10.0,41.8501645153126,3.6,28.7995669238057,29.2,52.5251256281407,5.7,53.8912024986986,17.5,51.7743979721166,68.9869029294365,7.15618409286789,78.8451840645487,211.08415867863704,211.08415867863704
94595,6013345701.2,4275.6,-122.06974024000002,37.87023628,5.31947555115822,4.150277357539082,0.036018077999999995,13.055382700684522,8.684453639000001,29.207218419415064,0.10993268460000001,33.008089607965175,110.85243740000001,4.241288872236792,27.561708042,22.18021424070574,0.0058322156,4.537931034482768,549.26926064,53.3183295823956,1310.4251903749998,56.003125,0.65,7.428144830160512,14.37,49.931927610825184,0.46699999999999997,53.641297154202526,0.4,4.98110037799244,0.0,0.0,25.02010186823486,3.054949468385026,14.474175482265105,21.044,11.188933200398814,4.445,37.3428278162689,6.648000000000001,7.495014955134595,1.42,4.067324727916983,2.7399999999999998,20.611720124509404,12.540000000000001,16.91708542713568,4.1,32.3204060385216,14.1,34.958174904942965,17.189360703091882,1.783095405164892,5.731215330307616,224.0060922456414,224.0060922456414
94596,6013341001.75,4861.75,-122.04908825,37.89440505,12.490234456522852,19.950832072617224,0.03783803,16.06720597386435,8.79247055475,32.32109520846298,0.4063598035,66.33167392657127,186.976314575,9.64156363182214,36.098344045000005,32.29048519218652,0.0024250319999999997,6.017241379310333,618.676081325,55.6982995748937,1626.0849564750001,70.95,10.3125,41.1020903322135,18.075,63.94238751452765,0.25875,41.36664460622105,0.75,9.339563208735825,2.025,36.30584192439863,36.91356557966573,4.507139025159825,35.824517734909776,28.6575,22.862662013958126,3.71,21.0482422376187,9.0725,22.152293120638078,2.1,6.928625664388755,7.1,44.853836784409275,15.525,23.627512562814072,3.75,27.5995575221239,14.95,40.595690747781994,25.371055223520948,2.63180305391507,15.642334846192641,223.50680334450496,223.50680334450496
94597,6013335551.75,6277.0,-122.06588657500001,37.924577575,12.022184757969491,18.381240544629364,0.036911375,14.5457373988799,8.87878757325,34.66085874299935,0.303084177,74.00746733042938,234.33860374999998,13.944048957162481,34.104673965,30.2331442974165,0.009382437,10.068965517241384,730.67850245,58.8209552388097,2088.8192135,87.553125,15.3875,67.8751399776036,28.525,65.47401627096133,0.22125,37.48841826604895,1.0,12.4527509449811,0.0,0.0,39.205546904217876,4.786989489632893,41.247666459240826,23.3625,14.15752741774678,4.2825,33.955606877084925,7.135,8.832876370887337,3.0749999999999997,11.677423437104528,4.8,35.542698606036,14.575,20.882537688442227,3.6500000000000004,26.0996876626757,16.9,46.5811153358682,23.5693480506325,2.4449074597786273,12.629223398890577,218.45612432416013,218.45612432416013
94598,6013342487.571428,4532.142857142857,-122.02184895714286,37.91179712857143,6.139503956742714,5.487717023269215,0.039252430000000005,18.236287670015113,8.778489853142856,31.800160014223486,0.08495630057142857,30.660503155836068,271.56632178571425,16.828132526896116,28.098895567142854,21.949770456386716,0.0010394900000000001,2.995073891625617,681.4965239285714,57.54831565034114,1136.5346655571427,59.957142857142856,2.3714285714285714,19.927478270143435,2.157142857142857,11.828467066720426,0.23714285714285713,37.03885789921526,1.0,12.4527509449811,0.8571428571428571,11.422025855015544,26.175920854277315,3.1960747370012412,11.59391945950752,23.66857142857143,14.956914969377596,3.5985714285714288,22.4659994867847,8.64,20.299814841190713,2.242857142857143,7.33087464294754,4.971428571428571,36.62393905999266,6.585714285714286,4.1349605168700645,2.8285714285714287,20.089982895813193,10.957142857142857,19.815317762085808,18.419962370663107,1.9107487959416507,7.349974785678256,216.961568997465,216.961568997465
94599,6055201300.0,2987.0,-122.3669283,38.3955272,19.9402103218854,37.3928391326273,0.03809217,16.7766023646546,8.496400847,22.6011200995644,0.125650991,44.7417548226509,594.6085103,68.3027351067816,15.54407374,8.00252047889099,32.42536863,69.551724137931,292.7476705,41.3728432108027,1126.065647,65.4,0.0,0.0,2.0,14.3118047484642,0.1,16.6379880873594,2.0,23.8765224695506,2.0,52.8980526918671,35.2440662182558,4.30329348474323,29.7573117610454,47.76,53.30259222333,4.49,38.4911470361817,13.7,58.6365902293121,5.7,24.6013667425968,0.8,4.58790093382054,21.3,36.7964824120603,5.5,51.2623633524206,24.5,78.7325728770596,44.6697902132664,4.63370913291895,42.1961674230963,218.112695234543,218.112695234543
94601,6001406818.727273,4907.727272727273,-122.21742479999999,37.779180563636366,42.50503945328197,76.34208957960847,0.02937227,3.1238332296204097,9.136730167363636,39.49086383436102,0.39245384109090914,75.77077558409233,110.41238240000001,4.20881728487573,86.01644524272727,93.69651142808043,0.0,0.0,427.52542577272726,48.482575189251854,663.7212461363637,28.406818181818185,21.28181818181818,59.76619498456003,93.60909090909091,90.64646129231885,0.40772727272727277,42.33800613681486,11.818181818181818,87.97296781337099,1.8409090909090908,23.613454128918043,44.72082185140719,5.460403465189257,54.40742207388132,120.2781818181818,95.93945436418016,5.257272727272727,56.069937247766354,13.296363636363635,55.449560409680025,33.79090909090909,83.45873311704746,21.37,86.66531330355933,48.75454545454545,79.38556418455916,8.27,70.09630400832899,26.963636363636365,81.7686369397396,74.45821434677569,7.723736919118665,85.49030394718747,208.13866717123813,208.13866717123813
94602,6001405937.875,3493.625,-122.210359525,37.8013901875,17.616799053763845,31.265758951084212,0.02937227,3.12383322962041,9.146915227375,39.810205351586816,0.22326496675,65.1011200995644,110.4123824,4.20881728487573,68.7462842375,76.00819155639572,0.0,0.0,465.697872175,50.189109777444365,1091.9820344,50.9484375,0.28125,3.436450167973125,24.28125,71.61090818528973,0.0975,16.024156187955015,2.125,20.209470810583788,0.0125,0.3150057273768613,31.55554230523585,3.8529254476125936,22.13285625388923,65.425,73.05739032901296,4.39,37.01725686425456,8.06875,14.752617148554354,12.4625,43.572829663376375,7.2125,43.79821356069832,25.85,42.134108040201006,5.15,45.94774856845394,14.825,38.406210392902416,42.190455079533514,4.376521494519588,39.315431164901675,201.721436425046,201.721436425046
94603,6001409700.0,4029.8571428571427,-122.17149861428571,37.739525271428576,39.13389184836376,71.42857142857143,0.03190818,6.38456751711263,8.372955450428572,19.863098942128186,0.25355141785714286,62.057071739710196,110.4123824,4.20881728487573,87.25125592857144,94.62957962012781,0.0,0.0,516.0040937142857,52.07016039724217,1552.2982141285713,46.13392857142857,28.12142857142857,73.61488828454115,32.25,76.89333744455777,0.4135714285714286,30.71381299045097,3.5714285714285716,30.03539929201416,0.8857142857142858,28.342333496972678,39.752253439954565,4.853742249054382,43.26073428749224,187.00142857142856,99.24690215069079,6.427142857142856,71.03449539939149,16.271428571428572,71.05825380999858,33.1,82.09133311639006,13.680000000000001,72.8569495195561,44.228571428571435,73.77422828427855,7.3999999999999995,63.13304082695025,25.342857142857145,77.35831975375702,76.97997831171664,7.985325806364936,88.43923348461927,220.3944244705879,220.3944244705879
94605,6001409170.0,4588.1,-122.16260812,37.76172501,28.163343279037086,54.776853252647506,0.032009597,6.355942750466707,8.6154249234,26.69321717485999,0.1427195621,45.88052271313005,110.4123824,4.20881728487573,75.978797015,82.8456206679269,0.0,0.0,435.77233581999997,48.91347836959241,1097.9731428199998,48.4375,4.4,30.977976857036204,24.925,64.36659472023909,0.148,25.32892124420912,1.2,11.79546409071819,1.035,21.612829324169525,32.2167106624958,3.933653972706594,23.616677037958926,170.219,99.32951146560319,7.6129999999999995,90.42853477033616,16.294,72.50124626121635,16.53,52.1336370539104,4.36,29.236703207470562,32.089999999999996,53.94597989949748,7.211111111111112,64.80276476372259,22.59,59.619771863117855,69.78802780382676,7.239286781045917,78.75063035804337,217.5931285962957,217.5931285962957
94606,6001405582.636364,3678.181818181818,-122.2430462,37.79567853636364,32.919682920226556,62.53495621876862,0.02937227,3.1238332296204097,9.58922449790909,45.19658313062171,0.3863455459090909,77.81524014255814,110.41238240000001,4.20881728487573,74.06995932636363,81.0185026064043,0.0,0.0,455.7814867545454,49.77267044033735,666.5175099818182,28.835227272727273,14.022727272727273,34.76874003189792,43.32272727272727,74.56266131344996,0.25545454545454543,27.249864629083707,13.363636363636363,91.26608376923369,0.05454545454545454,2.2368009996876,39.50318289181894,4.823330784599742,41.694857724727065,87.89090909090909,85.55809843197679,6.116363636363636,74.1176196141554,9.312727272727273,24.82778935919514,23.763636363636362,65.87975426244219,18.972727272727273,77.82576065158283,39.21818181818182,66.04499771585198,7.209090909090909,62.280535705835035,25.11818181818182,75.73914045396936,65.52760344652269,6.797342299992878,73.21092926236646,210.54526103003928,210.54526103003928
94607,6001527271.428572,2004.857142857143,-122.28825674999999,37.80509235,44.99428689615247,80.78563624138512,0.02937227,3.12383322962041,9.861705548357142,47.649568850564485,0.9031115129999999,96.15610276469019,110.4123824,4.20881728487573,59.65546407333333,62.440663726107964,0.0,0.0,485.1584501642857,50.93862751402138,964.6398349792856,49.088392857142864,83.56428571428572,95.06878899376099,170.47857142857143,97.9661298356301,2.0228571428571427,89.27484163751538,10.428571428571429,84.56230875382491,1.5357142857142858,27.319587628865985,52.115677695053485,6.363313894863096,75.12401102320207,144.33785714285713,98.30063381284715,6.070833333333333,67.4364896073903,12.382857142857143,49.002100840336134,18.21666666666667,58.3164599679406,16.358333333333334,62.568232056660804,43.15833333333333,69.0567420435511,8.081818181818182,64.99929014244476,23.7,73.39209586357875,67.49077101457893,7.000986585003439,75.79845352160027,211.54581938852715,211.54581938852715
94608,6001410671.0,3727.1,-122.28359694000001,37.83550953,35.75963061001518,67.53530005042866,0.02937227,3.12383322962041,9.58377622,45.1698817672682,0.7970926468,91.0230242688239,110.4123824,4.20881728487573,53.728147800399995,57.276622558286064,0.0,0.0,594.2915039100001,54.88122030507628,1201.17331033,54.857499999999995,65.065,91.76558417319896,167.08499999999998,97.90801925950524,1.8980000000000001,88.78888153540701,10.1,83.36833263334731,0.9199999999999999,22.61855670103093,51.508366571328494,6.289161327286086,73.81456129433727,109.41600000000001,93.86340977068792,5.9910000000000005,64.47138824736979,10.463,33.40104685942174,7.688888888888889,29.38777805900053,5.7,39.618351603735285,29.160000000000004,49.28894472361809,4.76,41.879229567933365,22.009999999999998,65.49302915082384,54.81296884304768,5.6858864372951725,57.639939485627814,202.8515608987053,202.8515608987053
94609,6001400850.0,3450.5,-122.26259675,37.83631653333333,24.33387651820257,44.77012943351826,0.029372269999999995,3.1238332296204105,9.5162492425,44.364239784277096,0.46741433516666664,82.34183779298901,110.4123824,4.20881728487573,57.71991781666667,62.470069313169496,0.0,0.0,589.7278883,54.76994248562141,1265.9904772166667,65.49583333333334,7.091666666666666,37.22782132636555,113.04166666666667,91.84514915047872,0.9733333333333333,72.67372600926537,1.8333333333333333,14.493210135797284,0.0,0.0,40.81387487678437,4.983366015622127,45.11097282721428,89.79,85.81754735792619,4.465,39.96877940295956,11.344999999999999,40.84413426387505,5.95,24.097274951489073,3.3499999999999996,23.06581855911942,25.21666666666667,43.28308207705194,4.633333333333334,38.35458962346,16.433333333333334,45.8449514152936,45.2363151667682,4.6924761841751765,43.06816271642293,194.40415994623655,194.40415994623655
94610,6001404211.666667,3429.1111111111113,-122.24445577777777,37.81185055555555,15.641947713302805,26.90928447358101,0.029372269999999995,3.12383322962041,9.536817797333335,44.685058424946405,0.33810203,75.09783585701445,110.4123824,4.20881728487573,52.96498082444444,55.69978295876217,0.0,0.0,498.92122850000004,51.48370425939818,1594.0370498666666,76.42777777777778,0.5666666666666667,7.407407407407397,43.83888888888889,76.83693987861346,0.7566666666666667,63.01345687182882,4.222222222222222,39.95753418264967,0.0,0.0,38.37492337206622,4.685570521343384,38.3696328562539,41.388888888888886,43.25495735017172,4.46,38.80905539873978,7.706666666666667,13.978896643403141,6.171428571428571,24.406117800195258,3.388888888888889,26.13795281273968,20.68888888888889,34.60217755443886,3.966666666666667,31.194690265486752,14.233333333333333,37.80875932967188,31.68947445762494,3.287228494036869,24.005435087129502,210.54526103003928,210.54526103003928
94611,6001408200.636364,4200.363636363636,-122.2309932909091,37.82791859090909,8.821212504998568,11.495438499977077,0.02948753909090909,3.188323810601345,9.273896075272727,41.04203201900774,0.23089019263636362,58.08225377609322,118.21726507272727,4.197463583001235,48.57496287818182,49.52970155238585,0.0,0.0,529.4682099181819,52.65179931346473,650.6138569636364,31.854545454545452,6.0227272727272725,42.76018867284264,40.60454545454545,51.390880412962424,1.095909090909091,64.28975392575657,0.5454545454545454,6.698866022679545,0.7818181818181817,24.692283661355827,32.70097480546477,3.9927825283740357,25.549584205464736,31.712727272727275,27.967234659657393,3.644545454545455,26.443418013856817,7.640000000000001,11.7726366355479,2.881818181818182,10.662432985895395,3.8454545454545452,23.01086381476151,11.963636363636363,16.07583371402467,3.909090909090909,28.29728834413894,8.790909090909091,12.281368821292775,20.06332698618834,2.0812191203223933,9.818686104616505,213.14282223153197,213.14282223153197
94612,6001402950.0,3029.0,-122.26924275,37.80775335,36.60603413329945,69.59152798789712,0.02937227,3.12383322962041,9.87400027,47.88736776602362,0.6667666250000001,93.46297448662102,110.4123824,4.20881728487573,58.223601422499996,62.99621928166353,0.0,0.0,487.72424827500004,51.07214303575893,604.1480148,28.928125,13.6125,70.00279955207168,183.05,98.78797941225302,1.45125,89.6128391793514,11.0,86.9592608147837,0.4375,17.348224513172976,48.48736357182245,5.920297461106244,66.35345364032361,116.1575,95.12088733798605,6.0024999999999995,53.387220939183976,10.51,33.76121635094715,13.2,48.77879017970135,15.6,75.52781161185545,39.699999999999996,67.30841708542715,4.95,40.50950026028111,19.55,59.21736375158427,59.5124090602378,6.173371132209482,64.79765506807865,210.54526103003928,210.54526103003928
94613,6001407800.0,2728.0,-122.1866595,37.7817414,17.9570699354827,32.5895108421583,0.03064023,3.8332296204107,8.858056932,34.2252644679527,0.385957547,83.9327940261357,110.4123824,4.20881728487573,72.50316195,81.9533711405167,0.0,0.0,437.2073364,48.9747436859215,1821.973549,84.25,0.0,0.0,16.9,62.7760252365931,0.1,16.6379880873594,0.0,0.0,0.0,0.0,33.7424525737479,4.11994675701336,26.0485376477909,60.35,69.4666001994018,3.73,20.6697459584296,7.48,10.0822532402792,12.4,49.4178688939509,5.3,39.2069292191095,18.3,30.2889447236181,10.7,88.6777719937533,16.3,45.5513307984791,42.0173844625762,4.3585684462826,38.2249117498739,199.5811530308598,199.5811530308598
94618,6001401600.0,3500.3333333333335,-122.24737119999999,37.844653666666666,6.636727408869903,6.68179525970753,0.029372269999999995,3.1238332296204105,9.330234004333333,42.348060568346796,0.5472925486666667,91.3669363202655,110.4123824,4.20881728487573,55.27201973333333,59.03381642512076,0.0,0.0,597.0996670333334,55.0137534383596,808.7726111333333,44.637499999999996,0.3,3.944257807639667,31.599999999999998,75.08439869389564,0.31166666666666665,44.248841826604895,0.0,0.0,0.0,0.0,33.196226327425066,4.053252640833904,24.9989628707737,23.323333333333334,14.577102027251579,3.7366666666666664,21.2513899580874,8.366666666666667,16.3094051179794,2.3666666666666667,8.947101999493807,3.1,20.941038480624346,8.166666666666666,7.634003350083759,3.533333333333333,24.462085719243465,6.166666666666667,4.136037177862276,15.301676189950465,1.5872811663504198,4.988233316523783,213.142822231532,213.14282223153197
94619,6001407600.0,4248.666666666667,-122.18618118333332,37.789463633333334,16.44450225724157,28.786350647167595,0.030428903333333337,3.7149968886123186,8.887981664666667,34.62974486621033,0.2166986275,63.66521468574985,153.35059878333334,7.1520752674742845,58.603509263333336,62.835538752362936,0.024270370333333333,4.7816091954023,441.63460964999996,49.185212969909166,1054.50248885,53.458333333333336,0.18333333333333335,2.9146447679482335,13.091666666666667,48.77691073108637,0.13916666666666666,23.906904919479388,0.3333333333333333,4.150916981660367,0.03333333333333333,1.6113020236731581,28.70927245817772,3.5053964646395084,16.66251814976147,74.98833333333333,79.23936523762048,5.578333333333333,57.901377127705096,9.141666666666667,23.658192090395477,8.616666666666665,30.836075255209632,6.45,35.51224793612126,17.849999999999998,27.32412060301506,4.3999999999999995,36.49357973277809,15.266666666666667,36.28221377270807,43.44464613927005,4.50662187198231,40.78206421247268,215.48142073210263,215.48142073210263
94621,6001408828.571428,4966.285714285715,-122.19137087142857,37.7523774,48.63890005891944,83.44139471219651,0.031364772857142856,5.291136989954659,8.610004871857143,26.74193261623254,0.3525612897142857,76.02453551426792,110.4123824,4.20881728487573,90.73095788714285,97.1536591952471,0.0,0.0,609.6607593285714,54.40824491837244,701.3012551714286,32.276785714285715,26.95,69.34090545512716,57.33571428571429,87.24176371528188,1.1407142857142858,62.36361917367875,5.428571428571429,41.34217315653685,3.085714285714286,51.5136638847979,45.46223437846453,5.550929787476673,56.805049337718906,171.59285714285716,98.97628542942603,7.477142857142858,90.72180065251659,17.77142857142857,76.90499928785076,38.65714285714286,88.5598582637307,13.014285714285714,69.645998878642,55.471428571428575,86.22756640344578,7.914285714285714,70.0379266750948,27.97142857142857,84.74560927032412,84.35554351075595,8.750411643125323,95.90447374108494,208.13866717123815,208.13866717123813
94702,6001422900.4,3581.6,-122.28591608000002,37.86519908,26.89287395129282,51.7826525466465,0.02937227,3.12383322962041,9.149384041,39.93030491599252,0.247897152,69.02551337896703,110.4123824,4.20881728487573,65.225118038,72.67548834278512,0.0,0.0,754.15787152,59.327331832958215,807.16476988,44.464999999999996,12.110000000000001,57.6334453154162,57.129999999999995,91.84791632077035,1.563,87.8411647915288,10.8,85.83368332633346,0.0,0.0,45.94010473236986,5.609277662769438,59.39514623522092,78.02000000000001,82.02891326021934,4.48,42.14523992814986,12.803999999999998,51.24127617148554,5.5200000000000005,23.133383953429515,3.18,24.4092570036541,20.98,35.844221105527666,4.24,35.38261322228006,16.96,47.34093789607096,45.846946211405324,4.75581847064821,44.082198688855286,202.8515608987053,202.8515608987053
94703,6001423128.857142,3631.285714285714,-122.2741953857143,37.86308474285715,18.954039589948334,34.70030977595276,0.02937227,3.12383322962041,9.172802665571428,40.17779358165169,0.21720003485714284,63.706996177437986,110.4123824,4.20881728487573,64.91241906285714,72.34674588171752,0.0,0.0,716.4336576714286,58.489622405601416,749.9561439714287,40.10178571428571,3.8642857142857143,31.730923052311635,22.849999999999998,69.82045017907542,0.8200000000000001,74.95698213103904,4.857142857142857,42.38015239695204,0.0,0.0,38.10553337355775,4.65267805603426,38.026491243666115,54.30428571428571,60.97778094288562,3.224285714285714,25.426151985043436,9.704285714285716,27.5067654180316,4.071428571428571,15.596413204613665,2.6285714285714286,20.395182027337942,27.042857142857144,46.90416367552046,5.671428571428572,49.57797278203317,21.042857142857144,63.51982618142313,38.58447217808627,4.002463863538749,33.15503205820906,194.40415994623655,194.40415994623655
94704,6001418420.4,5947.8,-122.25398834,37.86667456,13.87723889733985,23.151790216843146,0.02937227,3.12383322962041,9.107232786800001,39.10143123833226,0.3179857792,63.3851897946484,110.4123824,4.20881728487573,38.36549117,36.506616257088844,0.0,0.0,668.67946776,57.24681170292574,348.858688264,15.242500000000001,3.41,30.037327360955555,21.22,67.97609164868007,1.533,84.90271343481137,0.6,7.2658546829063395,0.2,7.14318442153494,31.389611395550162,3.83266531649872,20.9508400746733,14.652000000000001,3.649052841475572,5.1125,51.50436232999743,7.93,15.381355932203391,4.34,17.52467729688685,2.7199999999999998,20.26796589524971,56.81999999999999,78.81658291457286,7.975,64.07470067673087,39.38,83.56653992395438,35.623041943637176,3.6952672938133397,30.46898638426626,194.40415994623655,194.40415994623655
94705,6001423750.75,2852.5,-122.25228785,37.857552999999996,8.378980089634473,9.86195158850226,0.02937227,3.12383322962041,9.1251705835,39.54262601120097,0.26493274224999996,70.31425015556937,110.4123824,4.20881728487573,61.2026337825,67.55198487712666,0.0,0.0,637.649169925,56.32970742685673,638.41915485,31.596875,0.0,0.0,32.9,78.79794122530302,0.305,47.1542025148908,0.25,3.113187736245275,0.0,0.0,31.326696597200126,3.8249834321169,20.659614187927826,26.6675,19.69404287138584,4.265,36.97716191942521,7.3575,9.70214356929213,0.75,1.6483168818020744,1.4666666666666668,10.610366761402094,18.975,29.974874371859283,2.775,15.717725143154627,14.95,39.38846641318125,20.901206378603874,2.1681344466398973,9.562531517902165,213.14282223153197,213.14282223153197
94706,6001420340.0,3348.4,-122.2977635,37.890716780000005,11.793091250959966,18.350983358547662,0.02937227,3.12383322962041,9.0419991786,38.22775357809582,0.465740483,73.40136901057872,110.4123824,4.20881728487573,64.671959558,71.68746061751732,0.0,0.0,966.8492635,63.3008252063016,790.77084658,33.269999999999996,10.84,64.15453527435612,24.9,71.0044828158725,0.656,72.05559232296493,12.0,90.1301973960521,0.2,7.14318442153494,44.23420439263454,5.400987570129621,54.538892345986326,26.568,19.242273180458618,3.3299999999999996,20.374647164485502,6.284000000000001,5.366400797607177,5.08,20.61503416856494,6.08,38.17025307890106,14.180000000000001,20.36683417085424,3.44,23.797501301405525,11.6,24.025348542458804,20.194717316643672,2.0948485681282016,10.426122037317192,206.07762544802867,206.07762544802867
94707,6004413725.0,2944.25,-122.2779586,37.896047075,4.401887451254897,2.2346192637418043,0.02937227,3.12383322962041,8.93138443875,35.827629122588675,0.07757245075000001,28.8985687616677,110.4123824,4.20881728487573,60.10467363,65.91367359798363,0.0,0.0,893.180503875,62.0467616904226,216.700141625,4.975,0.75,7.8107502799552,3.0125,19.794952681388008,0.16999999999999998,28.927862342819324,7.25,59.32381352372952,0.075,3.218785796105375,25.02126794886305,3.05509184659811,9.887990043559443,18.57,7.60842472582253,4.5600000000000005,40.329099307159325,6.0775,4.231056829511465,2.05,6.498354846874215,1.4666666666666668,10.835927279289024,7.25,5.81658291457287,3.45,23.269130661114,8.625,9.043092522179968,14.318873823748225,1.485332617266495,3.640317700453857,216.29517488423608,216.29517488423608
94708,6004414050.0,3012.0,-122.264021625,37.896210775,2.8223488936590724,0.819465456379224,0.02937227,3.12383322962041,8.885604657,34.803982576229025,0.04587028325,16.630367143746124,110.4123824,4.20881728487573,55.6470565675,59.54631379962193,0.0,0.0,835.2010879750001,60.92773193298325,167.11316019999998,3.0875000000000004,1.6,11.73945502053005,2.5125,14.203885107089489,0.2525,25.45996029119788,1.5,18.16463670726585,0.0,0.0,19.831907972328576,2.4214720242224277,4.051026757934035,16.4025,4.98504486540379,3.3249999999999997,27.67192712342828,5.5375,2.30558325024925,1.175,2.6227537332320923,1.25,8.84761131411559,7.3999999999999995,5.499371859296481,4.6,38.26457574180115,8.65,9.239543726235736,12.274478177314991,1.2732623403981702,3.2589510842158345,216.29517488423608,216.29517488423608
94709,6001422200.0,4126.333333333333,-122.26669679999999,37.878164166666664,13.302383039453298,21.280887544125065,0.029372269999999995,3.1238332296204105,9.123268083666666,39.52292055590123,0.173908073,53.449491806679134,110.4123824,4.20881728487573,57.05798251000001,61.52909052720016,0.0,0.0,749.3281080666667,59.381512044677834,311.02177236666665,9.633333333333335,10.566666666666666,62.24959562025631,22.849999999999998,68.56494548674523,1.74,89.59188175601143,1.3333333333333333,15.917681646367067,0.0,0.0,34.992356865815964,4.272559822807203,29.2221530802738,20.503333333333334,9.874543037553993,3.3166666666666664,13.317936874518834,6.9799999999999995,7.7808241940844205,2.1333333333333333,7.01932000337466,6.333333333333333,44.77827401091713,35.300000000000004,61.08040201005027,5.6000000000000005,52.20805136213776,27.0,82.55597803126324,29.9264198928005,3.104342431669933,20.041183392166765,216.29517488423608,216.29517488423608
94710,6001421925.0,2818.25,-122.3043073,37.871367725,31.290369159323852,60.227559253656075,0.02937227,3.12383322962041,9.1304716,39.6795270690728,0.5853490925,88.73366521468574,110.4123824,4.20881728487573,56.0636887375,59.94959042218022,0.0,0.0,851.95875555,61.2465616404101,1581.190852775,64.215625,26.212500000000002,73.40892123926838,121.8875,95.2805910675743,4.7775,95.90999338186631,11.5,88.339983200336,1.6500000000000001,32.85223367697595,52.4825831594718,6.408112979190383,75.29558182949597,59.275000000000006,63.60294117647058,4.74,45.08275596612778,10.035,32.41525423728814,5.7749999999999995,24.25968109339407,5.025,31.79388279875494,30.425,52.95226130653265,6.15,56.96577303487768,25.7,71.82826362484158,47.296811415821175,4.90621661684787,46.2399142713061,202.8515608987053,202.8515608987053
94720,6001422600.0,1043.0,-122.2545472,37.8738125,,,0.02937227,3.12383322962041,9.058616224,38.5687616677038,0.363282115,82.190416925949,110.4123824,4.20881728487573,,,0.0,0.0,694.3263245,58.0645161290323,219.4722896,4.8,9.0,58.1746920492721,54.6,91.2502075377719,2.91,95.8570483123759,1.0,12.4527509449811,0.0,0.0,35.3686318503107,4.31850292367475,30.0684505289359,11.83,1.45812562313061,,,8.23,14.9426719840479,,,,,6.8,4.02010050251256,,,,,,,,216.29517488423608,216.29517488423608
94801,6013374000.333333,5308.333333333333,-122.37003709999999,37.9444943,49.633206042575885,85.81484283072787,0.030640228333333335,4.140219871395973,9.0531425065,38.26591993362375,0.7383290195000001,89.87139597593863,110.4123824,4.20881728487573,75.15120429333334,81.82734719596725,0.021423331,10.431034482758605,3373.6688573333336,85.01083604234394,649.1095983333333,31.829166666666666,47.60833333333333,83.5137489112853,57.6,73.32724555869169,10.23,95.7886609309508,9.5,74.9335013299734,4.308333333333333,34.956090110729264,52.96667791057291,6.467220852144401,76.32233976353454,139.225,97.69026254569626,6.245,77.57035326319392,15.82,69.41259554669323,35.25,79.23732388424871,14.633333333333333,70.78765732846124,41.61666666666667,68.27680067001675,6.6499999999999995,55.71317022384176,21.566666666666666,64.31136459653568,74.6115002295743,7.73963764736656,84.01412002017146,204.76534741206487,204.76534741206487
94803,6013360850.75,5275.25,-122.2889771,37.974639225,16.670738045471193,29.475542107917306,0.03190818,6.38456751711263,8.87541103725,34.536403235843174,0.15480983425,46.67392657125078,110.4123824,4.20881728487573,40.593076350000004,38.83742911153117,0.0,0.0,832.8677622499999,60.9902475618905,1245.4560304499998,52.29375,4.0,26.376446435237025,8.5,39.09181471027727,0.25625,39.29847782925215,4.25,39.64720705585887,0.0,0.0,29.954691508917026,3.65746188335801,23.87678904791537,55.3625,62.880109670987025,4.8925,48.12997177315883,12.155,46.7379112662014,10.0,41.39141989369777,5.3999999999999995,38.60242703117247,18.7,30.524497487437202,4.725,38.589927121291,10.725,21.223067173637517,43.087662445546876,4.469591060017205,39.870146243066074,201.1946029909849,201.1946029909849
94804,6013378714.285714,6397.714285714285,-122.33772812857144,37.9240672,43.12240482330795,77.67992219580721,0.029553407142857143,3.22517557116188,9.027605172714285,37.87536669926216,0.7010086325714286,93.80744955107119,110.4123824,4.20881728487573,74.13733001714286,80.47529030515797,0.005082719285714286,2.7093596059113283,1924.2607655714287,77.480084306791,1275.2524619714284,59.573214285714286,45.65,74.79603263477843,24.442857142857143,66.35753421408411,1.8114285714285714,67.31776496170939,9.714285714285714,69.82060358792823,0.05714285714285715,2.762232040582557,48.68317429676766,5.944205911728298,66.02364654635967,132.28285714285715,96.74013673265917,6.1899999999999995,71.637523369625,13.832857142857142,58.20039880358924,22.47142857142857,63.57522507864193,11.271428571428572,63.84007114823193,41.1,69.47236180904522,6.814285714285715,63.402617684241825,19.457142857142856,57.09397066811516,69.50143445647318,7.2095577358740925,78.6470715366328,212.39820573957346,212.39820573957343
94805,6013367666.666667,3869.3333333333335,-122.32250270000002,37.941842400000006,24.086765875191364,45.024373844343565,0.03064023,3.8332296204107,9.046484085000001,38.27836548433937,0.3646700706666666,79.13710848371706,110.4123824,4.20881728487573,77.80288528333334,86.62465868515017,0.078072991,23.7816091954023,1491.3536783333336,72.91822955738934,1379.6270687666665,60.13333333333333,11.166666666666666,51.72950105760854,5.333333333333333,28.61254081576182,0.21,35.8614604015001,1.6666666666666667,20.068598628027434,0.0,0.0,39.8277526972447,4.8629606933731395,43.982576228998134,74.87,81.76719840478563,4.736666666666667,45.37250876742794,12.506666666666666,49.738285144566305,9.2,34.28667847802243,8.833333333333334,50.40375332701763,18.466666666666665,29.815745393634867,2.6666666666666665,13.72982821447164,12.933333333333332,33.6839881706802,45.67166474451267,4.737636085414377,43.793074466296865,212.39820573957343,212.39820573957343
94806,6013369228.545455,5765.636363636364,-122.33868698181819,37.97096744545455,39.063403698997064,72.46596066565809,0.032011912727272725,6.487526163941843,9.053637096363637,38.29269672455734,0.38818537536363634,76.42473270351303,110.41238240000001,4.20881728487573,61.89127408454545,68.15489488457352,0.12375033972727273,19.83385579937303,1228.6477273545454,68.11589260951601,1032.2077406636365,51.73522727272727,17.731818181818184,43.37269673215921,11.0,44.88249588697872,0.9513636363636363,77.56091691233979,6.545454545454546,56.52896032988431,2.327272727272727,27.793397896490674,44.44703480411335,5.42697412109682,55.00933416303672,97.42545454545456,90.85810749569472,5.579090909090909,63.90813446240699,16.537272727272725,72.99578537115926,25.354545454545452,70.51149306274591,14.081818181818182,69.61822857072552,33.86363636363637,58.86477843764276,5.418181818181818,48.40991907623869,20.445454545454545,62.89664707915658,68.99044451086111,7.156551469972512,78.10938431210747,209.40441831913606,209.40441831913608
94901,6041110725.75,5214.0,-122.515005375,37.9735703625,18.93801674908422,33.67687846696924,0.03276397375,7.473553204729313,8.433935867999999,21.127878033602975,0.133544794125,43.2156191661481,197.9594832,7.43099787685775,54.925450723750004,58.356962822936374,6.525e-06,0.1508620689655175,372.9108289125,45.55357589397349,1235.4489431857144,58.73571428571428,11.53125,50.94018290406868,15.8125,54.7422380873319,1.3887500000000002,72.84910655195236,7.375,59.41568668626628,3.99375,45.71305841924397,38.63704977304991,4.717576102837498,41.92750466708152,29.04625,23.66805832502494,4.0175,28.4722222222222,9.62625,26.925473579262224,17.3875,46.93590230321438,11.175,44.84537826498849,27.537499999999998,42.652324120603005,3.085714285714286,19.576857291589203,22.150000000000002,61.522496831432186,35.71355201244331,3.7046561297681473,30.11850731215331,215.4384112583205,215.4384112583205
94903,6041107060.6,6085.4,-122.54217558,38.01853938,10.814928408591008,15.958144225920327,0.03419029,10.5662725575607,8.363620765,19.70379589296828,0.0653900838,24.271313005600483,197.671562,7.331085300362185,39.82639751,37.40138626339006,0.0010254236,2.703448275862068,204.47526448000002,34.708677169292336,1588.81149002,63.0125,0.0,0.0,12.99,40.962975261497604,0.487,59.001985440105884,4.8,39.601007979840396,1.4,37.81901489117986,28.46720544359456,3.475840130240524,16.848786558805223,25.910000000000004,18.07328015952144,4.294,38.45522196561457,9.459999999999999,25.059820538384837,5.82,23.9028094153379,4.74,31.308702124780076,13.64,18.50753768844221,5.325,44.508068714211355,14.719999999999999,35.830164765525964,28.45011467073806,2.95120159626894,19.83358547655069,222.36547900601627,222.36547900601624
94904,6041119167.666667,4043.3333333333335,-122.53563033333334,37.94660223333333,7.253305351643927,8.392166750714429,0.03190818,6.38456751711263,8.446818562666666,21.4312383322962,0.13238992066666666,42.26923874714787,197.9594832,7.43099787685775,45.62019119333333,45.4820415879017,0.0,0.0,385.0421108333333,46.35325498041177,1411.8450626666665,73.77083333333333,0.3666666666666667,5.07652108995894,0.75,5.0196469090707865,0.245,41.6765938671961,7.666666666666667,62.1237575248495,2.1999999999999997,45.208094692630766,30.8671553035022,3.7688735314347697,21.435386849201425,12.396666666666667,2.0397141907610474,3.8266666666666667,25.639380720212134,6.703333333333333,7.614656031904296,2.3333333333333335,8.141398801991047,3.8333333333333335,28.23115441873057,14.066666666666668,19.752931323283068,3.0,19.013534617386778,15.4,39.94930291508236,17.391124031460308,1.8040248201651714,7.0516053118171165,211.5762206478847,211.57622064788467
94920,6041123766.666667,4576.333333333333,-122.46847983333333,37.88423676666667,6.230811320837193,5.942175155488329,0.03106288,4.683675585978009,8.615402034,26.65422111595103,0.097057385,33.85604646338933,197.9594832,7.43099787685775,41.39049375333333,39.432892249527406,0.0,0.0,833.0844558666666,60.873551721263674,819.7085243000001,42.42083333333333,4.0,22.9812118949857,8.0,24.511594443522068,0.10333333333333333,18.018971983234078,11.333333333333334,88.0162396752065,1.1666666666666667,29.29362352042767,30.134127630016796,3.679370998103007,19.41091059946072,18.143333333333334,7.174310402126953,4.95,43.59763920964847,7.239999999999999,9.193253572615491,0.7333333333333334,1.763266683540033,0.39999999999999997,1.8766635088194132,10.299999999999999,12.005862646566174,3.6999999999999997,26.82196772514313,10.833333333333334,19.36206168145329,16.177182755284033,1.6780996534834018,5.8497226424609226,214.50900519546292,214.50900519546292
94925,6041121150.0,5933.5,-122.5094823,37.93213025,10.7782956757513,14.9016641452345,0.03190818,6.38456751711263,8.5711352525,25.14001244555075,0.193351518,59.68886123210955,197.9594832,7.43099787685775,49.121008835,50.42848141146815,0.0,0.0,492.09850055,51.150287571893,2725.341391,94.25625,5.875,42.00261291526685,16.0,58.168686700979606,0.4475,59.86763732627395,11.0,86.9592608147837,5.025,62.34822451317295,45.1630496559478,5.514399392284245,57.0939639079029,13.515,2.57976071784646,3.455,18.59122401847574,7.465,10.60568295114656,2.95,12.041255378385205,2.15,16.450128569495185,11.850000000000001,15.037688442211076,4.75,39.920614263404445,18.0,54.106463878327,19.0517263344271,1.9762832530046,7.13565305093293,207.99990986270575,207.99990986270575
94928,6097151306.857142,5434.571428571428,-122.6941448857143,38.3452613,14.969884963716584,24.81269360997046,0.03223419714285714,6.70815183571873,7.6378393749999995,10.539603520312903,0.12633049828571427,40.864076806827256,408.4735645142858,44.17206372995057,32.59161693,28.321181024394637,1.7240223738571427,27.137931034482765,3.9918869999999997,4.315364555424577,863.1555729428571,45.887499999999996,0.0,0.0,13.62142857142857,44.84713360688789,0.23785714285714285,37.76685260470833,5.142857142857143,52.303953920921586,0.7071428571428572,22.76550482736049,27.84105237291783,3.399386964683266,15.457373988799015,40.59428571428571,42.1912832929782,4.402857142857143,40.549506946735605,12.308571428571428,47.452285999145424,10.185714285714285,39.81451350471851,4.283333333333333,29.223620697433105,27.728571428571428,48.591170136396286,2.685714285714286,16.99821521528965,21.87142857142857,65.31957269599856,42.164319662358075,4.373810402287453,38.5923204380088,213.91292354305315,213.91292354305315
94930,6041119800.0,3227.3333333333335,-122.59706696666666,37.9666523,7.170940077730013,7.58951084215834,0.03264068666666667,6.314042729724126,8.126672752666666,15.237502592823068,0.012445444333333333,4.66293300145198,250.1449223333333,17.105865700845097,47.02391851000001,47.46481831547993,0.0,0.0,249.61255560000004,38.32624822872387,1180.447447,66.77916666666667,16.633333333333333,74.85380116959067,2.0,11.671924290220835,0.06666666666666667,11.872931833223033,5.0,35.27229455410893,0.16666666666666666,7.361588392516233,25.726384118953533,3.141186390909393,12.586600290396179,18.256666666666664,7.502492522432713,5.81,47.673424001368566,6.153333333333333,4.781488866733132,2.766666666666666,10.600691807981105,1.85,14.26444715117065,12.766666666666666,16.675041876046865,2.6,13.014055179593969,21.75,69.55640050697085,21.092762364156233,2.188005028424173,9.316691880988403,205.14833851184662,205.1483385118466
94931,6097151202.666667,4838.666666666667,-122.70673776666666,38.3267583,13.174399673132411,20.999327618087094,0.032288533333333334,6.762082555486413,7.550084392666666,10.002074258452614,0.14169751366666666,45.7208048122796,356.1902102666666,35.74788726530954,35.006674643333334,30.602814534761603,2.119443074,43.3103448275862,11.692387554333335,9.064766191547873,890.6624842,48.15416666666667,3.6666666666666665,21.233047156899335,14.416666666666666,41.3581271791466,0.29333333333333333,33.51864107654975,8.0,71.09757804843903,4.333333333333333,62.772050400916406,34.44570801680427,4.205814106923373,32.05973864343497,34.199999999999996,32.02475905616487,3.466666666666667,17.93687451886065,8.87,20.247590561648366,9.333333333333334,38.15067915295706,2.9000000000000004,20.413226868768884,27.8,49.47654941373537,3.466666666666667,23.364567065764366,17.46666666666667,46.89057879171946,29.531097485406832,3.063334648986333,19.419230122709703,213.91292354305315,213.91292354305315
94939,6041120000.0,5857.0,-122.5372766,37.9354506,5.12574508130374,3.24004034291478,0.03190818,6.38456751711263,8.475856047,22.1157436216553,0.064945235,24.019912881145,197.9594832,7.43099787685775,43.34861478,41.877756773787,0.0,0.0,379.8726603,46.0865216304076,1362.966121,74.2125,7.0,50.3172825681224,5.35,31.6951685206708,0.27,45.7313037723362,11.0,86.9592608147837,3.1,63.8258877434135,37.0792602530355,4.52737031186646,34.5488487865588,10.89,1.08424725822532,2.06,2.25814729278932,3.89,0.0623130608175474,1.7,4.66970387243736,1.8,14.2779807822439,11.4,13.2663316582915,3.6,25.2342529932327,16.4,46.020278833967,10.9143060826559,1.13216828494654,1.32375189107413,211.57622064788467,211.57622064788467
94941,6041126766.666667,5174.5,-122.53490606666666,37.89576653333334,4.325860828283222,3.187510505967389,0.03190818,6.38456751711263,8.424601619333334,21.350342252644683,0.06649332166666667,23.337481850238536,197.9594832,7.43099787685775,45.74229585166666,45.553455156479714,0.0,0.0,471.6093292333333,50.0291739601567,1123.334493,57.987500000000004,0.0,0.0,6.358333333333333,34.84974265316287,0.08583333333333333,14.3525259210236,7.333333333333333,60.6572868542629,1.6166666666666665,39.717449408171056,27.644593540232197,3.3753993802348403,14.28334370462561,14.35,3.2174310402126935,3.345,18.353861945085978,6.1816666666666675,4.370222665337322,1.633333333333333,4.564245338732803,1.7333333333333334,13.716335092705384,9.733333333333333,10.395728643216085,3.0500000000000003,18.577563768870387,12.283333333333333,26.569497253907887,11.705922951515921,1.214284683915433,2.836611195158849,224.51624391436465,224.51624391436465
94945,6041101761.0,4003.2,-122.56569429999999,38.11717514,9.602281823838002,13.408976298537562,0.034601033999999996,10.9645301804605,8.252309388,17.37647790914748,0.048183122,17.70752955818296,174.88765794,5.55014362432871,42.016887076,40.8746061751733,0.0689029334,6.97931034482758,131.96353912,27.05676419104774,1390.8032970600002,64.66,5.36,37.32362821948488,6.01,31.05761248547236,0.23600000000000004,39.10258107213768,3.8,28.87442251154976,1.6,17.3012600229095,26.174747119367616,3.195931424201906,13.411325451151217,36.498000000000005,35.60568295114656,3.134,16.735950731331798,9.012,22.866400797607195,8.260000000000002,30.37205770690964,3.34,24.623088374610926,16.240000000000002,23.698492462311542,3.4799999999999995,25.598646538261324,15.88,41.338403041825096,27.09774122573944,2.8109165142640977,17.781139687342417,207.83852661058776,207.83852661058776
94947,6041103625.75,7244.0,-122.58774575,38.095049725,9.956907329204315,13.744957135653054,0.0339050275,9.80398257622902,8.17300565125,16.736154324828874,0.07724171875,25.214685749844428,174.74366665000002,5.517047583364553,43.95443074,42.908002520478874,0.00427073775,3.8103448275862,114.8840656075,25.0468867216804,921.4777111000001,42.85625,5.2625,37.639977603583425,10.9,43.73235928939068,0.3025,46.33355393778954,1.0,12.4527509449811,0.0,0.0,23.668355643717376,2.8899015228679077,11.238332296204092,35.8125,34.82365403788633,4.27,39.16153451372851,8.5475,18.024052841475577,6.7,27.85370792204507,4.85,35.590066314792274,19.375,31.99120603015075,2.875,15.7144716293597,19.925,60.07287705956905,32.45710646110675,3.36685688289369,23.7298285426122,205.25352492378903,205.25352492378903
94949,6041104500.0,4874.666666666667,-122.52802326666666,38.06538556666667,16.5147269826279,29.025886703647668,0.03487486333333333,11.230035262393699,8.389675618333333,20.448039825762265,0.038003939,13.810412777432068,183.71172093333334,6.1987427667457595,33.32033255666667,28.4436042848141,22.68356596,24.770114942528735,149.8091651,29.236475785613067,4354.093896666666,98.825,35.31666666666667,75.4261540375762,26.25,63.545298577674465,0.6216666666666667,59.920582395764434,6.666666666666667,55.312893742125134,0.7333333333333334,20.855288277968683,37.75088327251476,4.6093753491408265,36.84297863513793,31.38,27.392821535393836,5.386666666666667,56.97117440766403,7.489999999999999,13.181289464938503,3.9,15.645828060406634,3.266666666666666,25.262778003338298,14.6,21.080402010050268,6.866666666666667,60.7192434495922,19.533333333333335,60.63371356147024,34.59174407648516,3.588288185047277,26.727181038830068,220.1415344775297,220.1415344775297
94951,6097151309.0,5737.0,-122.6340481,38.3441037,8.42575056623502,9.4553706505295,0.03304924,7.51711263223398,7.397208047,9.01057871810828,0.029874213,10.5662725575607,539.8785748,63.7941800924191,19.44822033,11.6446124763705,11.09929888,61.1379310344828,43.2464002,17.1292823205801,494.0576518,20.4625,0.0,0.0,7.25,38.0209198074049,0.075,10.1522170747849,4.0,43.7841243175137,0.0,0.0,22.9023565659599,2.79637318762361,5.99875544492844,29.1,23.5418743768694,4.78,46.2920195021812,8.82,19.6784646061815,2.4,7.82080485952923,2.6,20.584652862363,14.7,21.2688442211055,4.9,43.0895366996356,16.9,48.5171102661597,29.0468213050846,3.01309946881422,18.6712052445789,223.6331656111237,223.6331656111237
94952,6090926956.444445,4471.333333333333,-122.70339765555556,38.242464455555556,16.124577760574436,27.661511738667564,0.03342958888888889,8.746456475143482,7.508158210222222,10.12514692664039,0.08267453155555554,24.85238194012307,402.26152924444443,39.94699082747041,47.74411406666667,48.19855772596793,5.736432938666667,45.586206896551715,62.735259140000004,17.793337223194676,994.9427151555556,45.665277777777774,4.5,28.810501430882166,29.66111111111111,71.03510616710018,0.18388888888888888,26.447532906831388,5.777777777777778,56.47020392925475,5.594444444444445,57.080310551100915,36.06577331508376,4.403623758050788,33.69010578718107,39.09444444444445,39.5507920682397,3.828888888888889,25.863199612237317,12.466666666666667,49.16777445441454,7.711111111111112,31.097612418796935,2.4125,18.410813371227515,21.11111111111111,35.34477945281966,3.755555555555555,28.243391751981026,14.744444444444444,38.13829038163639,34.551225095642884,3.58408504975855,27.32391998655235,206.46172274963965,206.46172274963965
94954,6097150606.875,4919.875,-122.609738425,38.24778325,13.37019162401117,21.493633383761974,0.0343186475,10.690728064716886,7.991430818625,13.520535158680776,0.1496709705,43.87678904791537,292.5730258,22.411639815161713,23.320404217500002,17.410207939508506,10.299637267375,27.379310344827587,110.30868402,24.74056014003501,1034.1827072375,55.8296875,2.79375,21.052631578947373,16.625,47.14843101444463,0.34625,50.32097948378555,5.875,50.51186476270475,3.8249999999999997,43.47938144329896,32.155840719782574,3.9262217647918676,26.602364654635966,38.06625,38.3536889332004,3.79375,22.741852707210676,12.59125,50.599763210368884,9.2,37.40666919767148,4.875,36.54587900933822,15.275,22.870603015075393,3.6625,26.460827693909437,11.275,20.714512040557665,33.015733237451876,3.424804636466856,24.563477054967212,217.8944093753279,217.8944093753279
94956,6041132200.0,1641.0,-122.8602138,38.052907,5.04554418637058,3.10136157337368,0.03304924,7.51711263223398,6.824407856,6.17299315494711,0.000576885,0.14934660858743,398.7201259,43.312101910828,50.85673865,52.703213610586,0.0,0.0,51.17520143,18.2170542635659,119.1813141,1.5625,4.0,37.5513251213139,10.0,47.4348331396314,0.0,0.0,7.0,66.7366652666947,2.1,53.4249713631157,24.4793798411127,2.98892741627668,7.84069695084007,12.9,2.11864406779661,1.64,0.949448293559148,5.99,3.50199401794616,6.6,28.4484940521387,0.0,0.0,16.5,25.71608040201,,,21.1,67.2623574144487,16.273380880125,1.68807852572608,4.53857791225416,200.3610414200935,200.3610414200935
94960,6041116525.0,4296.0,-122.571184875,37.980905825,4.390244309065935,2.3543872919818436,0.0330492375,7.9962663347853224,8.303766545,18.27629122588675,0.03597190025,12.974486621033,197.9594832,7.43099787685775,54.9186484525,58.352236925015774,0.00051539425,1.68103448275862,261.7676646,39.14728682170545,1152.372378,66.3,10.5,63.227883538633826,1.0,7.1559023742321,0.10500000000000001,17.96823295830576,0.75,9.339563208735825,0.8125,25.177548682703325,25.871158741510925,3.1588633435671625,10.619166148102039,12.3575,2.090603190428714,2.805,9.664485501667949,5.45,2.149800598205385,2.6333333333333333,9.744368514300179,0.675,4.141291108404385,10.2,10.621859296482413,5.25,47.058823529411754,14.15,34.44866920152092,13.355710864619825,1.3854213130294515,2.912254160363087,216.0180984916368,216.0180984916368
94963,6041113000.0,3371.0,-122.6665068,38.0139328,2.88875623534787,0.617750882501261,0.03304924,7.51711263223398,7.761942255,11.3876789047915,0.009577448,3.64654635967642,197.4969254,6.95641313850381,53.66618018,56.710775047259,0.0,0.0,141.8418986,28.3070767691923,308.7298502,8.725,0.0,0.0,0.0,0.0,0.0,0.0,3.0,33.1583368332633,0.0,0.0,12.4814393598556,1.52398126665825,0.136901057871811,8.75,0.46111665004985,4.24,32.2684115986656,4.26,0.224327018943171,5.0,21.3743356112377,0.0,0.0,22.2,38.9070351758794,3.6,25.2342529932327,15.7,42.2940430925222,18.2732758985636,1.89553264108178,6.19011598587998,226.6815466353781,226.6815466353781
94964,6041122000.0,2649.0,-122.4901332,37.9403057,,,0.03190818,6.38456751711263,8.656193792,28.2140634723086,0.124825945,44.4803982576229,197.9594832,7.43099787685775,,,0.0,0.0,581.3843181,54.5386346586647,,,4.5,40.836132885405,7.25,38.0209198074049,0.05,7.34612839179351,10.0,82.9693406131877,0.4,14.4329896907216,27.9124409572971,3.40810349665611,13.789670192906,6.03,0.0997008973080758,,,8.29,15.3290129611166,37.4,87.6740065806125,,,,,,,,,,,,207.99990986270575,207.99990986270575
94965,6041129801.0,3516.0,-122.49247593333332,37.85865183333333,12.421607464157333,19.251134644478064,0.03106288,4.683675585978009,8.534502176666665,23.8373781373159,0.15524931033333333,52.22153080273804,197.9594832,7.43099787685775,41.876137666666665,39.92858643142196,0.0,0.0,678.8555603,57.49770776027341,4112.055352666666,98.89166666666667,6.6499999999999995,35.95869105387583,4.3,23.23869610935858,0.2783333333333334,40.31767041694241,11.0,86.6862662746745,1.0,29.53799159984727,38.090249635417564,4.650811914643136,37.87595934453433,30.590000000000003,25.972083748753764,3.52,26.635873749037714,8.373333333333333,17.518278497839805,3.8666666666666667,15.135408757276638,5.8,32.363423106419475,25.933333333333334,38.00251256281407,2.766666666666667,14.141939961825429,18.033333333333335,51.27165188001694,26.7791996261071,2.7778733969272102,17.889561270801824,207.3020977395012,207.3020977395012
94970,6041132100.0,1825.0,-122.6761173,37.9248161,4.73261754826665,2.59707513867877,0.03190818,6.38456751711263,7.833903264,11.9228375855632,0.003198337,1.33167392657125,499.3474357,60.4720869239415,53.99863801,57.177063642092,0.016315059,15.0344827586207,161.7019984,30.7076769192298,115.0128727,1.425,0.0,0.0,0.0,0.0,0.0,0.0,3.0,33.1583368332633,5.0,75.6701030927835,22.6265117678307,2.76269259256291,5.52582451773491,8.9,0.498504486540379,2.6,5.33743905568386,8.34,15.827517447657,0.8,1.15160718805366,0.0,0.0,27.8,50.2386934673367,2.7,13.1832378969287,20.4,64.4613434727503,16.5140650341538,1.7130452953784,4.76550680786687,200.94210625874757,200.94210625874757
95002,6085504602.0,2355.0,-121.9948126,37.4495367,34.6146518675547,66.9692385274836,0.03803052,15.0466708151836,8.368395378,19.4275046670815,0.077859822,28.9981331673927,373.4097687,39.0408392656426,49.22808531,50.586011342155,0.0,0.0,158.7236684,30.320080020005,2700.881064,94.125,104.0,99.3840985442329,69.65,94.1723393657646,2.165,93.2097948378557,13.0,91.8731625367493,54.0,99.9541809851088,55.0349250244358,6.71975341393249,82.4642190416926,38.01,37.9611166500499,9.15,98.8452655889146,11.26,40.0049850448654,25.1,73.4244495064541,,,17.3,27.8517587939699,4.4,36.4393545028631,12.1,23.8022813688213,49.6582917354852,5.15117888043123,49.7604639435199,218.0733804923442,218.0733804923442
95006,6087120450.0,5311.0,-122.11419649999999,37.14679235,6.517179630159875,5.7803832576903655,0.03850797,17.2121966397013,6.348790728,4.43683883011823,0.010478333999999999,4.00124455507156,438.55861175,51.6360684401149,44.817553385,44.2407057340895,0.0215701125,10.05172413793105,62.646499635,19.379844961240302,482.43492749999996,19.56875,0.0,0.0,0.0,0.0,0.2,35.6187954996691,9.0,77.56194876102475,0.5,17.85796105383735,22.94652812915765,2.80176652671629,5.94275046670815,19.005,7.845214356929215,5.3149999999999995,59.4880677444188,6.5600000000000005,5.80134596211366,3.55,13.933181473044804,0.9,5.555555555555561,11.7,14.208542713567825,4.0,30.8823529411765,15.45,40.944233206590596,22.4112616012507,2.324776254066885,10.306354009077165,201.78311664624133,201.78311664624133
95008,6085505422.8,4417.6,-121.95507289,37.27888928,11.00203733442984,15.770297528996476,0.040054722,21.38394523957686,8.1917557447,16.32856253889236,0.1934272994,57.105164903546985,291.52549,22.7426002248033,39.516190326,37.21865154379331,0.0,0.0,191.98376641,33.66966741685421,1173.45897195,61.213750000000005,4.205,31.6274729376633,37.04,78.84110908185289,0.6345,65.45863666446061,2.1,24.16211675766483,0.6,15.86941580756013,35.20244523890237,4.298211571431334,30.87243310516491,26.697000000000003,19.54386839481555,3.7039999999999997,27.86245830125739,8.85,21.065553339980056,6.0,25.16957732219693,6.95,45.22804168358371,15.05,22.2072864321608,2.52,15.468505986465388,13.040000000000001,29.08871989860583,25.128193138310102,2.606610362010575,14.562531517902173,225.3212125241363,225.3212125241363
95014,6085508203.75,5160.75,-122.04067574166667,37.31532025833334,9.405571937679875,12.798369473861152,0.0384921275,17.223605061190618,8.005082167583334,14.19933623729518,0.23340779474999998,49.81435386849202,335.6301887083333,31.461013280046625,33.768513499166666,29.433942449065324,0.2647583850833333,5.284482758620696,1325.7828475333333,62.44581978828041,1233.03096445,63.62708333333333,13.35,58.283563518725884,21.3125,55.91897725386021,0.4708333333333334,58.56717405691595,4.083333333333333,35.818283634327315,0.3625,9.457808323787708,37.32719018386817,4.557642507174958,35.90333955610868,10.510833333333332,1.4685111332668654,4.331666666666666,39.14335813873919,6.359166666666667,5.536515453639088,2.6,9.390027841052898,9.2,55.34691207651011,8.825000000000001,8.569932998324958,3.6999999999999997,27.671134825611674,10.241666666666667,17.64575411913815,19.553773640337965,2.0283618765094373,9.069801647335698,204.55246637060796,204.552466370608
95020,6085512505.0,6222.8,-121.59142933999999,37.013969939999996,27.606640339400485,49.886535552193656,0.042567231999999997,29.1300560049782,6.3071038221,4.273802115743621,0.1610605181,45.60796515245799,419.02140465,45.4827026351942,41.773959813299996,41.47321991178325,998.9773240389001,78.86206896551724,15.9914344537,10.431357839459869,765.70217947,36.926249999999996,6.784999999999999,42.039940276222474,12.535,45.686534949360784,0.33999999999999997,41.57643944407677,4.4,32.52624947501049,4.225,28.13745704467354,37.013393298050815,4.5193279697459285,36.96701929060362,56.424,64.35319042871387,4.772,46.437002822684114,16.303,71.66874376869393,20.770000000000003,58.74715261958998,8.68,49.661659223169586,24.380000000000003,41.01256281407035,5.62,51.10619469026547,18.9,54.228136882129284,55.88539345960445,5.797131726703993,59.01412002017146,209.63528039273564,209.63528039273567
95023,6069000511.888889,5673.777777777777,-121.39074483333333,36.84669224444444,25.9366863093448,49.292598195775184,0.04016558666666667,21.458895111664255,4.994216021333333,1.1104196916269105,0.12419068477777777,38.82043835995299,481.5647597888889,55.6152255665182,36.387738023,33.44115381922566,460.6880056022222,47.624521072796924,24.360052255555555,12.06690561529271,494.29770561111104,21.469444444444445,9.816666666666666,52.32051760607191,7.26111111111111,22.609626063054588,1.4138888888888888,48.83594381939847,6.666666666666667,56.46320406925195,3.077777777777778,33.65152093674431,33.55930447309492,4.097584410302218,28.926225541035762,62.05222222222223,71.42046083970314,4.611111111111111,43.35386194508595,24.342222222222222,97.04636091724828,20.977777777777778,61.10689276976294,8.7,51.98869189936994,25.41111111111111,43.60831937465103,7.855555555555556,65.36959916710046,12.955555555555556,28.65652724968314,60.376450329729636,6.263000295510862,65.78836779290639,228.18737263184843,228.18737263184843
95030,6085507069.666667,4190.333333333333,-121.97611260000001,37.224774466666666,4.840917718470677,2.8282064212472666,0.040753206666666666,23.086496577473564,7.427885518333333,9.209707529558175,0.06461025399999999,23.9079029247044,283.7530437333333,20.0949169476708,34.111842106666664,29.3635790800252,0.04457240933333334,13.310344827586235,175.12496776666669,31.949654080186733,768.8639090333335,35.475,0.7333333333333334,9.40649496080628,26.233333333333334,67.65731363108087,0.6816666666666666,59.45290094859914,3.6666666666666665,40.2421951560969,2.0,26.651393661702937,29.093820054486162,3.5523496497663367,16.67288944202447,13.4,2.666999002991023,3.5033333333333334,19.211359165169775,5.359999999999999,2.031405782652042,1.4666666666666668,3.733232093140977,1.8666666666666665,14.814814814814833,7.566666666666666,6.310720268006709,5.233333333333333,46.147839666840234,11.5,20.752006759611334,13.1608220187102,1.3652050052992433,2.630694234325093,195.6995436882586,195.6995436882586
95032,6085507002.166667,4787.666666666667,-121.95695236666666,37.24274856666667,7.0814119878954,7.40880820305933,0.040877935,23.534536403235848,7.796469843666666,11.678075088156,0.1256323255,42.48911014312383,305.93152146666665,25.588027142916616,38.39399397666667,35.60596513337533,0.07875832366666667,6.206896551724133,158.79781086666665,30.082520630157532,1220.6675283666666,59.4,2.125,14.990046037078516,36.53333333333333,72.02390835131995,1.0941666666666665,83.24729759541141,2.0,22.9910401791964,1.0,13.325696830851468,33.320626857314615,4.06844192082382,27.089815390997714,16.64166666666667,5.502243270189429,3.9516666666666667,33.793088700709944,6.5616666666666665,6.02982718511133,2.6166666666666667,9.32464355015607,3.8833333333333333,28.78377768755357,9.0,8.900753768844229,3.9,29.58094742321707,11.366666666666667,21.36882129277566,17.350087564923104,1.799768004790211,6.9066229618423245,222.35099785819975,222.35099785819972
95033,6086316400.0,3956.5,-121.9201366,37.1192196,4.039676237601865,2.5340393343419056,0.040451034999999996,20.09956440572495,6.5601053405,5.208462974486625,0.0121885945,4.592408214063475,456.51363085,54.221306356937646,40.357610585,38.1852551984877,0.16891605399999998,29.8103448275862,90.253517165,22.4993748437109,1373.7975725000001,72.32499999999999,0.0,0.0,9.5,33.4384858044164,0.05,8.3189940436797,8.0,72.01805963880724,3.0,39.9770904925544,30.82865173371365,3.76417225321153,22.04729309271936,25.435000000000002,17.5535892323031,2.4,3.938927380035925,5.88,3.75124626121635,2.0,6.403442166540125,1.4500000000000002,10.82690485857357,8.55,7.15452261306533,3.3,22.75507548152004,8.15,7.41444866920152,9.662733191149286,1.002339496626742,1.2291981845688367,212.05287782352497,212.05287782352497
95035,6085504440.866667,5235.2,-121.88910587333334,37.43650736,18.676354112414348,34.15009725524098,0.03964449,20.419829910806886,8.354089873466666,19.54449284380835,0.2712388984,61.839452395768525,270.55616664,16.080096582157285,30.657616235214284,26.745881717526334,0.3212732395333333,13.241379310344826,229.32653571999998,36.74085187963659,1339.03817726,62.83583333333333,20.740000000000002,56.92049272116461,27.28666666666667,50.318224583540875,0.8160000000000001,60.29913964262078,0.8,8.84222315553688,1.4266666666666665,21.9442535318824,34.638528451639566,4.229357443716965,33.92574154739682,26.674666666666667,19.384346959122635,6.192857142857143,71.86022214890576,10.51,33.927384513127265,11.366666666666667,44.406479372310805,15.135714285714286,75.04495098892176,14.146666666666667,20.314907872696818,3.7142857142857144,27.853796385810966,13.028571428571428,29.352706862212575,41.069244802472625,4.260215546451881,36.71565449175131,218.8253319570052,218.8253319570052
95037,6085512399.0,4701.090909090909,-121.64051054545453,37.14270528181818,17.52302079986867,30.70760555631964,0.04377931909090909,34.88714148328333,6.935037537909091,6.618770153306556,0.17139756163636363,44.39214798891214,412.40207301818185,46.10965405270388,33.53691637090909,29.06112161310649,276.52900742099996,63.63949843260187,35.66023919909091,15.427720566505256,1206.2504048545454,60.66477272727273,3.9454545454545453,28.55712782924428,6.818181818181818,27.18065597029569,0.5995454545454545,52.6707177666807,5.090909090909091,45.84781031652093,3.2363636363636363,45.79610538373425,38.40356340257276,4.689067463379481,39.409402047858805,35.31272727272727,33.655850629928395,4.259090909090909,30.658781813516228,13.096363636363636,53.499728088461886,9.5,36.18071374335611,5.5181818181818185,37.42541123783512,14.754545454545456,21.353357697578804,3.62,27.16944299843832,14.563636363636363,36.34059223412836,35.67466762745475,3.7006225551981937,28.802778159812966,227.70287393177068,227.70287393177068
95045,6069000200.0,6263.0,-121.5185873,36.8257446,26.4981029310093,51.9793242561775,0.03892377,17.647790914748,5.195788934,1.38145612943373,0.097504036,36.4530180460485,624.9262505,69.9388035468965,54.7978566,58.361688720857,276.0346103,82.3103448275862,10.26937673,8.96474118529632,1023.391885,59.45,0.9,11.832773422919,35.0,83.214345010792,9.3,99.272005294507,19.0,98.0680386392272,3.0,63.6655211912944,51.6124991848215,6.30187589870979,74.5612943372744,35.97,35.0074775672981,5.04,53.4642032332563,10.54,34.4840478564307,15.6,56.7324727916983,7.3,50.0067668155366,20.5,35.3517587939699,2.6,11.8688183237897,16.5,46.4638783269962,40.5349909480299,4.20479605706522,36.0816944024206,215.7256624733162,215.7256624733162
95046,6085512401.5,4832.5,-121.5856579,37.077608600000005,25.060357862976502,49.01033787191125,0.043508165,33.6527691350342,6.540713502,5.1275668948351,0.064004359,23.534536403235848,601.4393280500001,68.68365180467094,48.023552415,48.79017013232515,797.87355135,87.39655172413795,9.4425134665,8.7646911727932,983.4181742000001,56.05625,1.75,23.04964539007095,11.5,50.97957828324755,0.11,19.2455327597617,8.5,72.8265434691306,9.75,90.43528064146619,44.7696209751645,5.466361828507085,56.26633478531425,45.665000000000006,50.2180957128614,4.72,44.976905311778296,10.510000000000002,34.1164007976072,20.65,65.81878005568211,8.6,55.8397618080931,22.1,38.18467336683415,2.5,10.6585111920875,13.85,32.91508238276295,44.2023791092268,4.585223409317485,41.458648512355,207.97539817776024,207.97539817776024
95050,6085505551.0,5879.75,-121.95368175,37.3481014125,21.256663825549737,39.68103883005546,0.03944352,19.646857498444312,8.47668011875,22.403546981953962,0.314869246875,72.56845052893591,425.6049570375,49.07580866741603,50.1019945475,51.84152488972904,0.002302508375,2.185344827586201,211.2781664625,35.53700925231308,1072.6354351,56.284375,38.46875,63.10890257558791,59.056250000000006,84.5363606176324,1.344375,70.78590337524817,1.125,13.098488030239388,2.09375,19.968499427262312,42.56178673892956,5.1967857068034675,49.77286869943996,28.9725,23.4265952143569,4.7725,46.36900179625353,10.73375,35.88609172482554,8.25,33.84902556314857,7.3875,46.784070916226824,23.325,39.197550251256274,3.8000000000000003,26.132222800624675,22.35,64.57065906210391,38.66696764857535,4.011021325152171,33.11428391326274,218.55641226612272,218.55641226612272
95051,6085505839.181818,4939.545454545455,-121.98330639090909,37.348424154545455,16.470182326774864,28.737450144409298,0.03854577000000001,17.46337048141652,8.311469711636363,18.373027097358154,0.22146599818181817,61.88380381286416,430.16072801818177,50.066419155965825,48.533381024545456,49.3933665578278,0.0,0.0,260.1793638363636,39.05976494123531,1383.3531804181819,72.02954545454546,9.231818181818182,32.5324917710136,36.018181818181816,77.9315653630779,0.4627272727272727,57.98086757716142,1.9090909090909092,22.83799778549883,0.045454545454545456,2.0077059252317,38.575150019899986,4.710018155273001,39.07789783334275,24.94909090909091,16.950285507115044,5.841818181818183,66.6678330650617,9.33,24.888969455270548,7.027272727272727,28.80283472538598,8.972727272727273,55.891435672190845,12.236363636363636,15.702375513933303,3.2181818181818183,21.43414888079125,13.163636363636364,29.33402465721858,33.2009966161932,3.444022470398258,25.1856690964104,212.82242476272103,212.82242476272103
95054,6085504969.666667,8133.0,-121.9567324,37.39391303333334,19.412965242911067,36.0648848545974,0.03809217,16.7766023646546,8.441656507666666,21.310931342045233,0.5124258766666667,85.48433934868287,430.42922329999993,50.16860247283629,26.420083660000003,21.264440243646277,0.0,0.0,279.38410949999997,40.239226473285,2327.9022336666667,90.87916666666666,110.95,98.52556924225456,48.78333333333333,80.69622004538157,4.098333333333334,92.92742113390689,3.3333333333333335,36.7002659946801,3.5,66.17029400534557,52.17826043742264,6.370955235275599,75.49471064094587,23.39,13.9705882352941,4.723333333333334,44.67111453254643,9.303333333333333,23.724659355267534,7.833333333333333,30.540791360836934,7.599999999999999,51.071412459963,13.066666666666668,17.2319932998325,4.166666666666667,33.420093701197324,11.933333333333332,23.058724123362897,29.260028515037266,3.035215986291577,19.246932257522268,200.02560025699572,200.0256002569957
95060,6087105211.111111,4732.333333333333,-122.04332676666667,36.9808852,15.0769628803149,25.656973160755303,0.03644935333333334,13.905828666251844,6.154910239222222,3.7474936043697706,0.1631382361111111,48.579132959966806,343.8306501888889,29.239693046362245,44.65659313222223,44.15598963803122,1286.0164447023335,34.70498084291186,27.987159482222225,13.621460920785756,635.8450217888889,30.519444444444446,14.622222222222222,66.32657293351582,35.00555555555556,74.95526408028483,0.4494444444444444,64.93271564085595,10.333333333333334,80.44472443884456,0.5777777777777777,11.897670866743034,38.109965207609946,4.653219182091739,38.101362096383866,23.741111111111113,14.927439902514699,4.463333333333334,39.453425712086236,8.633333333333333,18.466821756951376,4.433333333333334,17.411906971512153,1.4222222222222223,10.864498278221383,31.5,52.657733109994425,7.275,62.617126496616336,19.98888888888889,52.310942120828045,31.36358006440021,3.2534226530189736,22.94223118731439,209.67887050870883,209.67887050870883
95070,6085507417.666667,5143.0,-122.02191168333333,37.26883726666667,5.204205352906843,4.263321566649852,0.03961677,20.31321302634308,7.734647250999999,11.476872018253461,0.06653702366666667,23.951462352209074,294.86446351666666,23.39827650805545,37.263913665,33.763915143877334,0.072506625,13.20114942528735,386.8261676166667,45.99483204134365,881.7456459666668,46.87916666666666,0.3666666666666667,4.70324748040314,22.458333333333332,68.88040289999445,0.12333333333333334,20.53386278402824,2.3333333333333335,27.194456110877784,0.03333333333333333,0.8400152730049634,26.3917062350569,3.2224220891331217,11.308857083592605,10.646666666666667,1.046859421734798,3.6783333333333332,28.41502010093234,6.011666666666667,4.021269524759055,2.6333333333333333,9.179110773643801,5.916666666666667,39.890377588306954,8.25,7.680067001675031,3.4333333333333336,23.917664410897103,9.466666666666667,14.51837769328265,15.099084588018238,1.5662658324604621,5.25088250126071,202.68614670670516,202.68614670670516
95076,6082567813.8,5911.4,-121.75472734666667,36.92430860666666,28.23373302138797,53.05429483946884,0.038230438666666665,16.65463596764156,6.013617810266667,3.332088778261772,0.1381271026,39.98838415266542,452.70226095333334,48.08292743849132,57.78343748466667,61.75425330812855,8054.22995954,92.88735632183906,8.253398013333333,8.267900308410434,671.7579413733333,34.104166666666664,6.14,29.35299241010328,23.206666666666667,54.45791133986385,0.289,37.72865651886168,14.6,88.355032899342,2.913333333333333,42.31538755250096,42.23664145988686,5.157085532815747,48.8803152872848,45.85666666666667,49.43918245264208,4.554,41.9382430929775,9.991999999999999,29.88285144566301,31.9,78.79692904749852,16.715384615384615,70.75174115368998,36.31333333333334,60.332495812395315,6.566666666666666,55.26808953669963,18.571428571428573,52.987506789788156,51.67603438309306,5.360484375027528,52.82148260211799,208.98805278751516,208.98805278751516
95110,6085501868.833333,4674.5,-121.8994532,37.33696406666667,31.110701923520267,60.41771726340562,0.03961677,20.31321302634308,8.878580666833333,34.5488487865588,0.5548562151666666,89.63078199543664,291.52549,22.7426002248033,51.503317736666666,52.20541902961563,0.005871116333333333,6.672413793103437,195.92272271666664,34.1001917145953,1701.1921806666667,80.00416666666666,22.991666666666664,63.71469453776285,139.39166666666668,96.98655155238255,2.2975,75.31215530553716,3.6666666666666665,40.2421951560969,1.4000000000000001,28.32378770523101,48.65676188689429,5.940980961729038,66.31611698817673,60.09833333333333,59.74160850780988,5.196666666666666,55.80147121717558,9.13,22.657028913260216,20.933333333333334,61.28828144773473,11.683333333333332,58.821671854558566,33.18333333333333,55.131909547738665,4.966666666666667,43.61443692521255,21.7,57.76087874947192,50.69506929217926,5.258726411107385,51.41200201714574,217.82449450928797,217.82449450928797
95111,6085505858.6,5750.3,-121.82599660000001,37.28295741,31.04090573339503,59.834846192637414,0.041521508,25.74362165525823,8.3960608907,20.45675171126321,0.22501370829999998,62.94088363410081,342.91608642,32.963656800299745,56.846899736,60.879647132955256,0.0326818792,3.44827586206897,119.39504319,25.65641410352589,1409.09641805,72.06875,6.32,40.382605449794696,16.695,51.7914660468205,0.362,28.599602911978813,3.0,33.1583368332633,1.15,25.55784650630011,37.31249059149984,4.555847689866557,36.297448662103314,62.916,71.65752741774679,5.6,62.881703874775475,13.115,54.15752741774677,29.99,78.94203998987595,21.36,84.30098795506834,31.78,53.7211055276382,5.16,45.24336283185841,23.990000000000002,75.39036755386564,65.20924617087547,6.764318303044274,72.99167927382753,211.2459822372894,211.2459822372894
95112,6085501453.9,5190.0,-121.87898316,37.33849639,35.01055241249346,66.69818456883512,0.039905046,21.11512134411948,8.9885760808,36.98444306160547,0.36297481249999997,77.87927815805848,283.52197080999997,21.3138503809167,60.632404554000004,65.37492123503466,0.0033035647,5.513793103448277,181.48953448,32.761940485121286,836.9019017500001,41.18875,14.16,47.77342291899963,64.62,90.89988377884775,1.362,71.90072799470549,3.7,40.27719445611089,7.1450000000000005,57.61512027491408,45.74209810893055,5.585101093377425,57.917859365276925,59.79,67.59845463609173,5.531000000000001,63.49371311265077,11.311,40.44616151545364,21.84,67.26271829916479,16.177777777777777,76.38832498759416,40.13,66.46984924623118,5.9399999999999995,46.44325871941698,23.59,68.06717363751585,60.874733556779816,6.314688461695197,66.65405950579928,217.82449450928797,217.82449450928797
95116,6085502972.166667,4627.666666666667,-121.8514789,37.35089096666667,34.317456727355,65.66229618423266,0.039942464999999996,21.182327317983823,9.00446673325,37.21738228583279,0.5487555139166667,89.64841319228377,291.52549,22.7426002248033,65.29176202916666,71.97122453266118,0.0,0.0,167.72963756666667,31.289072268067006,2510.1545148333335,88.05624999999999,1.1916666666666667,8.759487370909541,12.329166666666666,47.04604571365323,0.73375,55.61438341054489,1.6666666666666667,19.35461290774183,1.5291666666666668,18.104238258877434,40.10085699591779,4.896306673994595,43.215100601534964,71.60833333333333,76.91093386507143,5.453333333333333,57.5699255837824,13.431666666666667,54.550930541708205,35.28333333333333,85.45199527545769,26.883333333333336,92.37943790318941,37.24166666666667,64.13525963149078,5.766666666666667,50.46308346347388,22.5,68.60899873257289,67.60917583237881,7.013269013082943,76.17982013783829,218.6756213643575,218.6756213643575
95117,6085506342.6,6326.0,-121.96327598,37.30870006,14.17664820069822,23.371154815935462,0.03975537,20.8462974486621,8.3280084474,18.74548848786558,0.224294382,60.54262601120098,291.52549,22.7426002248033,45.666163622,45.68115942028986,0.0,0.0,258.69239804,39.00225056264066,1704.5243719999999,78.2575,2.9,22.232176185143704,8.75,28.05578615307984,0.177,29.040370615486438,1.0,12.4527509449811,0.0,0.0,29.93689910620128,3.6552894345205105,18.837585563161166,25.715999999999998,17.8863409770688,5.41,61.028996664100575,7.5680000000000005,11.116650049850454,11.0,43.019488737028595,14.4,67.45161726891322,21.580000000000002,35.557788944723605,4.76,39.48724622592398,17.98,49.25728770595692,38.48267417009126,3.991904101401802,32.97024710035302,212.82242476272103,212.82242476272103
95118,6085505495.142858,4496.571428571428,-121.89055825714286,37.252571342857145,10.116614371721068,13.788631942943583,0.04125212,24.8786558805227,8.153676970571428,15.690283580762728,0.11981289242857142,39.55729398168726,291.52549,22.7426002248033,36.00839531571429,32.08209559816364,0.0014459155714285714,1.8128078817734001,113.26903752857143,24.84192476690601,1129.118281142857,54.69642857142857,0.0,0.0,6.214285714285714,23.692512037190767,0.3692857142857143,56.97456745769119,2.2857142857142856,25.5414891702166,0.08571428571428572,3.2793323514973,25.324367608277015,3.0921002548080687,10.358254067028186,32.06285714285714,28.46994730095426,4.05,30.494153011474022,9.312857142857142,25.53055120353226,6.842857142857143,27.488520085331015,7.971428571428571,49.69549330085261,15.828571428571427,23.908829863603728,3.7142857142857144,26.617461143749527,15.385714285714286,40.018106101756295,30.85528296885607,3.2006957231942716,21.671709531013626,222.21033890168968,222.21033890168968
95119,6085512032.5,6440.5,-121.7894287,37.2358876,19.54037754866825,36.377962682803854,0.04259906,29.8942128189172,8.040347045499999,13.94523957685125,0.1358515615,47.4735532047293,411.0836922,46.7590857999251,43.178108275,41.7265280403277,0.0,0.0,75.72143297,21.074018504626203,1055.3423256,58.199999999999996,24.200000000000003,76.1851437103397,6.75,37.23227627428195,9.879999999999999,99.470549305096,1.5,16.57916841663165,0.0,0.0,36.887195675871354,4.50391926514437,34.2065961418793,39.705,40.889830508474546,4.59,41.794970490120605,14.33,62.1572781655035,6.65,28.454821564161,4.85,33.68520774123695,11.05,12.48115577889445,6.8,57.73034877667885,15.950000000000001,43.447401774397946,41.720240090886705,4.327744916950595,37.7458396369138,198.6827302725152,198.6827302725152
95120,6085511910.125,4895.875,-121.8547095375,37.211866425,6.25648581369773,5.657463439233483,0.04200977375,27.268201617921576,7.74214312925,11.339452395768514,0.069447265125,25.505600497822034,313.97001965,27.288622455351575,20.82472519775,13.700378071833644,0.088866192375,12.831896551724137,85.12226549625001,22.02113028257065,572.8185632875,27.5015625,1.15625,12.103396789846958,14.44375,49.01834633903371,0.155625,26.861350099272,2.0,23.141537169256626,1.125,17.952462772050403,22.559876575713325,2.7545564488410874,6.445239576851269,18.15,6.799912761714855,5.26875,55.59083910700539,8.05875,14.238534396809557,3.15,11.748607947355115,5.825,40.30315333604006,6.1625,3.7814070351758797,3.175,22.068584070796476,8.875,11.137515842839042,21.675474534142275,2.248451220157699,10.608925869894104,220.78355302187612,220.78355302187612
95121,6085503283.375,4596.125,-121.8111716375,37.305067225,21.154705013031716,39.802382753403926,0.04125212,24.8786558805227,8.55070617,24.69975108898569,0.2548970285,59.947106409458634,352.7869426125,34.476083427001385,37.8063687075,34.760554505356026,0.0,0.0,129.04085922500002,26.76294073518379,2207.61146165,80.2765625,5.4437500000000005,38.59182530795073,2.60625,16.376805578615308,0.175625,29.69556585043016,1.875,20.72396052078956,0.8,15.727376861397476,31.891173486821238,3.893905948217966,24.509956440572502,40.83,42.60032402791625,6.1825,70.7050295098794,10.67875,35.172607178464595,22.15,67.26936218678816,18.962500000000002,82.11361483285965,20.8875,35.32035175879399,4.925,38.32964601769911,17.3375,47.64733840304184,51.81435810596165,5.37483304098041,53.046205244578935,211.2459822372894,211.2459822372894
95122,6085503291.0,4696.833333333333,-121.83730995,37.329811541666665,28.797528591976164,55.097495377374344,0.041065027500000004,24.206596141879274,8.949004680916667,36.12632233976353,0.2843180995833333,66.56813939016801,305.60895239166666,25.465217934307486,58.159376234999996,61.264440243646284,0.0,0.0,153.30886205833335,29.669917479369854,2363.676225283333,77.84375,2.466666666666667,18.324623615777025,7.908333333333334,34.08185289722729,0.19708333333333336,30.534965806309287,1.5,16.92916141677165,1.55,18.623520427644145,34.66164023834317,4.232179388282798,29.57062850031114,64.58583333333333,72.27276503821868,4.87,47.646694038148986,13.585,56.39851279494849,36.90833333333334,86.61309373154477,24.716666666666665,87.03139802408987,33.15833333333333,57.136725293132336,5.983333333333333,53.96494881138296,22.816666666666666,70.61998310097168,64.92294354133153,6.7346194147584155,72.51428811564969,220.0939451862624,220.0939451862624
95123,6085512035.230769,4901.7692307692305,-121.83156563846154,37.24520217692308,13.828287359366668,22.651188952247956,0.04223642230769231,28.278205925996815,8.124121254538462,15.192188023550814,0.133954774,41.05787181082764,365.82602661538465,37.63053482049362,34.683838186923076,30.49488633609616,0.08778251692307694,5.3076923076923075,87.75921317999999,22.311347067536115,1166.3677819153845,57.080769230769235,0.06923076923076923,0.9102133402245385,8.11923076923077,33.36824225085889,1.185,49.94552766888968,1.1538461538461537,12.654669983523416,0.0,0.0,26.23803484314667,3.2036588427045274,13.760949691254597,46.23076923076923,50.602040033744906,5.681538461538461,65.97086516255106,10.562307692307693,34.42940409540608,9.007692307692308,36.30726398380158,6.407692307692307,43.69072529852069,12.807692307692308,17.38306919211442,4.569230769230769,37.346334040764035,11.938461538461537,24.50619089402359,41.09040988953944,4.262411053902716,36.76054152604833,209.8803880746728,209.8803880746728
95124,6085503974.0,6732.571428571428,-121.92394021428572,37.25825811428571,9.701730663224899,12.781860096534826,0.040931390000000005,23.726553471419685,8.140460659714286,15.500044448395414,0.141102776,45.548937683349614,291.52549,22.7426002248033,47.37503433571429,47.968313979656145,0.0,0.0,137.0224010142857,27.6979959275533,996.7617797428572,54.996428571428574,6.621428571428572,41.62800618567696,18.864285714285717,52.80235288536799,0.6557142857142857,68.00037817906778,0.7142857142857143,8.600827983440329,0.0,0.0,31.2505105411207,3.815681129802393,21.21610809849764,25.59142857142857,17.698689645349656,4.541428571428571,41.049891858205946,7.8428571428571425,13.064378293690368,6.3,26.4453845319449,6.057142857142857,43.40428822767434,10.185714285714285,11.062455132806889,3.457142857142857,24.444113928757343,10.585714285714285,17.870722433460077,24.291523058338687,2.5198204806994227,13.399610979036094,213.4591295442908,213.4591295442908
95125,6085502643.384615,4632.0,-121.89552771538462,37.29524594615385,15.704255085459808,26.508010396058808,0.04061888076923077,23.017567373510126,8.514842441692307,23.749940165621563,0.14897382238461537,41.77014025178308,291.52549,22.742600224803304,51.04997590307692,52.791430371770645,0.0,0.0,160.91553810000002,30.47300286610114,1263.9336481846153,60.74134615384616,9.261538461538462,42.20719556665805,39.95769230769231,74.59737672256352,0.4573076923076923,57.595072035839735,2.6153846153846154,29.38648919329305,1.2846153846153845,14.249713631156935,35.80955876058709,4.372340011838476,32.86295533961993,31.96153846153846,28.202891326021945,4.797692307692308,46.33840626912222,8.581538461538461,19.16941483242581,9.576923076923077,35.37079220450518,5.1923076923076925,35.16766086802629,16.946153846153848,24.665635871666026,4.546153846153846,36.50042045409042,16.6,41.45559130350005,32.934462141440434,3.416374182282214,25.215291516350515,212.7292379517264,212.7292379517264
95126,6085501267.166667,5505.833333333333,-121.91914191666666,37.32447428333333,22.99183403488303,43.79727685325265,0.03975537,20.8462974486621,8.684708257833334,29.145405517527497,0.3480710203333333,74.18585355735324,291.52549,22.7426002248033,52.31463111333333,54.4843520268851,0.00013080333333333332,0.7126436781609199,193.99722375,34.11061098607985,1355.24590035,65.025,13.783333333333333,57.65521960930695,69.54166666666667,85.82378659582712,0.5208333333333334,50.525038605779834,2.8333333333333335,32.05935881282375,0.08333333333333333,3.6807941962581165,40.420676807955715,4.935356609518828,45.3951462352209,38.26666666666667,38.35576603522765,5.773333333333333,66.50414849029167,9.943333333333333,29.343220338983063,11.783333333333333,42.56517337382943,9.433333333333334,59.34948346641403,23.400000000000002,40.07328308207705,3.9,31.73911157383307,18.616666666666667,52.974228981833534,45.03731719188244,4.671833626212442,42.7634896621281,217.82449450928797,217.82449450928797
95127,6085503885.545455,5623.454545454545,-121.81889423636363,37.36655180909091,17.680670307323343,31.81015907944804,0.04050374727272727,22.556994965209036,8.48964197009091,23.358035865814337,0.10153374781818182,31.71465746450191,310.7278535090909,26.73229106350126,66.67834219181817,73.18325027209715,0.2650568437272727,9.793103448275865,143.93906147272727,28.543499511241443,642.0033769818182,30.597727272727273,0.05454545454545454,0.8890698700329154,1.3636363636363635,10.052374986793044,0.2440909090909091,40.64015402202033,0.5454545454545454,6.792409606353328,0.0,0.0,24.43156388762732,2.9830890978537608,9.531029020761435,52.46181818181819,58.99913894679596,5.24,55.02717708260433,13.504545454545456,55.57078763708876,25.39090909090909,70.47812981753756,13.581818181818182,70.52498185263106,24.863636363636363,42.58565555047968,4.763636363636364,40.48081018408971,17.299999999999997,47.56999654338056,55.4301413392267,5.749907284907789,58.506395268876354,214.46389093492147,214.4638909349215
95128,6085504134.5,5496.666666666667,-121.93815461666668,37.31471465,18.05275758146445,32.69457051605312,0.03975537,20.8462974486621,8.509846526,23.28355113047085,0.33058048916666666,74.18377929890066,300.45765861666666,24.865742475334084,61.375347175,66.00084015963031,0.0,0.0,209.03516390000001,35.41093606735017,2360.1600836666667,89.20208333333333,2.9416666666666664,23.528679855667537,17.208333333333332,60.72831922076483,0.2658333333333333,44.09441870725789,1.1666666666666667,13.485230295394084,0.2833333333333333,11.244749904543724,38.021529025048686,4.64242114176703,37.38228583281478,32.53333333333333,29.243519441674948,4.993333333333333,50.453340176203916,10.253333333333332,31.858590893984715,11.966666666666667,41.637138277229376,7.550000000000001,48.67144854964588,20.116666666666667,33.69556113902847,2.716666666666667,17.894325871941703,17.433333333333334,48.196028728348125,37.60202534192998,3.900552194476265,31.780551353168605,225.38900352018103,225.38900352018103
95129,6085507175.285714,5436.857142857143,-122.00274485714286,37.30637598571428,9.77847481058967,13.313161875945536,0.03951777,19.93243843897236,8.203140323428572,16.57213974575516,0.17691236842857141,48.93057160636503,291.52549,22.7426002248033,39.38129968285715,36.512737420109815,0.0,0.0,434.31643094285715,48.21562533490517,1237.5739830999999,52.903571428571425,5.585714285714286,39.36436836772782,10.035714285714286,37.97822632290506,0.26357142857142857,43.23154013425356,1.5714285714285714,18.83362332753344,0.07142857142857142,3.1549664539355287,29.98832199038056,3.6615681584647057,19.953773668770562,16.431428571428572,5.138156957698333,4.957142857142857,49.118369441695066,8.442857142857143,17.237572995299818,3.085714285714286,11.601041327692808,12.857142857142858,69.73300079268408,9.885714285714286,11.812634601579322,2.6714285714285713,14.945712798393705,10.542857142857143,19.436900235379316,24.668612208021802,2.558936881928733,14.183055975794257,212.19792250432843,212.19792250432843
95130,6085506603.333333,5569.333333333333,-121.979485,37.2903279,9.947970219993861,13.468650193309797,0.03975537,20.8462974486621,8.156081895666667,15.7270275876374,0.09500261066666667,34.868284588259705,291.52549,22.7426002248033,54.34989442333333,57.63074984247007,0.0,0.0,259.0936635333333,39.0264232724848,1035.6948323333334,59.00833333333333,0.3333333333333333,5.692422545726,26.666666666666668,64.95102108583764,0.49,66.11956761526584,1.6666666666666667,20.068598628027434,0.0,0.0,31.276250349794697,3.8188239553288033,20.356772453847768,21.016666666666666,10.472748421402443,4.503333333333333,39.346505859207966,5.963333333333334,3.44798936523762,6.8,28.0519699654096,7.766666666666667,52.1721477872513,14.766666666666666,21.654103852596304,3.3000000000000003,23.67256637168141,14.366666666666667,36.18926911702578,25.051879650371134,2.5986941729185866,14.720961506135474,209.9717694352111,209.9717694352111
95131,6085504317.833333,5818.833333333333,-121.88366660000001,37.386223183333335,23.352482397335834,43.1248949403261,0.03975537,20.8462974486621,8.701070373333334,29.693009749014735,0.359598251,75.09437875959345,290.45784483333335,22.199325590108653,30.110883816666668,24.969544213400557,0.0002938696666666667,1.5114942528735635,236.2362747,37.376010669334015,1644.3782952000001,75.06875000000001,49.86666666666667,77.93641906183898,33.958333333333336,62.80646410980131,4.12,86.27619677917495,2.0,22.1055578888422,8.258333333333333,41.19893088965255,43.251472138869595,5.280996157144386,51.36486206181289,25.766666666666666,18.16633433034231,5.458333333333333,61.786844581301835,8.82,20.598620804253915,14.183333333333332,51.149498017379564,21.55,86.40095637659583,18.716666666666665,30.16959798994974,5.2,44.28899878535486,13.1,31.01605407689057,41.061143810600065,4.2593752102907665,36.73726676752395,205.18506385137252,205.1850638513725
95132,6085504338.25,5107.5,-121.857657,37.40410785,14.60882340131015,24.375945537065046,0.0398489175,21.014312383322963,8.422894378375,21.2943372744244,0.21729890075,49.51617921593031,305.7322702125,25.949169476707876,34.98175166625,30.6411468178954,0.0,0.0,183.199909525,32.88790947736935,1052.8341852125,49.559374999999996,6.71875,17.67217245240761,16.525,39.687448115557046,0.21375,30.54599602911979,0.0,0.0,0.0,0.0,25.09891024360981,3.0645719553646527,14.492843808338527,29.10875,23.68831006979064,6.22625,73.28554015909674,10.20375,31.301408275174474,13.825,51.72108327005821,16.975,79.90763296792528,15.1625,22.58636934673367,6.2125,56.75429463820925,14.387500000000001,35.2915082382763,46.005298596797246,4.772244759889926,44.29368381240543,224.62451211899915,224.62451211899915
95133,6085503824.0,5069.5,-121.85745931666668,37.37092251666667,30.06385658479665,56.3224911749874,0.03975537,20.8462974486621,8.770885253833333,31.60132752540967,0.37139071216666664,79.06036092097075,291.52549,22.7426002248033,42.08930183166667,39.62822936357909,1.745e-05,0.29885057471264337,180.31888961666667,32.633158289572386,1862.0781065,81.88541666666667,11.649999999999999,48.914395918875194,12.75,50.30162156179093,0.6575,59.545554820207364,1.6666666666666667,18.654626907461832,2.3000000000000003,33.04314623902253,39.7553097810219,4.854115427691624,43.283551130470876,41.045,41.95330674642738,6.704999999999999,85.66204772902233,10.595,34.390578265204404,23.0,66.99147895047669,26.599999999999998,89.74150764650157,35.81666666666667,59.20226130653265,6.5,54.281624154086416,16.3,44.73595268272073,58.49627126414083,6.067964615554737,63.03580433686335,218.6756213643575,218.6756213643575
95134,6085505007.666667,10180.666666666666,-121.93674163333333,37.404619233333335,19.015440347735034,35.060514372163404,0.03836937000000001,17.06699854801907,8.445116718666666,21.518357187305536,0.353724269,81.0205351586808,346.65600993333334,34.811206860663596,14.855110044666667,8.876286494433943,0.0,0.0,215.00511506666666,35.59223139118114,1788.397992,79.55416666666666,78.81666666666666,94.00895856662935,40.18333333333333,62.93098677292599,3.151666666666667,96.20119126406354,4.0,43.784124317513694,3.8333333333333335,52.31767850324553,46.48617782053776,5.6759530783686,60.4687824102883,20.566666666666666,10.019940179461601,6.06,74.01847575057737,9.623333333333333,26.836158192090398,3.9666666666666663,15.139627098624807,11.366666666666667,66.09825416159157,10.9,12.860134003350074,3.266666666666667,20.761756029845568,11.4,20.7013096746937,32.03520378383214,3.3230918622934866,23.008068582955133,228.3868060100285,228.3868060100285
95135,6085503330.5,5250.75,-121.754044525,37.299255075,5.423127192216392,4.138300554715079,0.04192559,27.041070317361527,8.014530015,14.679527069072801,0.029784029,10.740510267579348,306.084732875,26.682902460347204,12.7228553335,5.869565217391305,0.1452706835,11.525862068965516,93.7205333425,22.90885221305325,626.948799025,30.90625,2.1875,18.234415826801026,1.5,8.753943217665626,0.065,10.807412309728653,0.25,3.113187736245275,0.375,14.450171821305851,16.220153695264,1.9804775443932299,1.4747977598008724,24.2675,15.491026919242275,4.3125,38.57454452142675,10.0825,30.209371884346975,6.675,28.233358643381425,7.75,48.36243064014075,6.15,3.3417085427135684,3.15,20.26613742842268,10.5,21.907477820025363,26.25693519497105,2.7236976004258198,15.746343923348471,223.22071558153493,223.22071558153493
95136,6085509793.125,5982.125,-121.8502774875,37.2705079625,15.567274978382187,26.80597579425115,0.041336303750000004,25.10578718108275,8.31957301775,18.602986932171724,0.21061662387500002,61.694150591163634,321.8898544375,28.845073061071563,31.95503061875,27.01480781348455,0.47963721587499997,16.025862068965523,112.90433725375,24.8390222555639,1439.0441013,72.5234375,5.3,24.30244494214257,14.81875,45.664535945542106,0.32437499999999997,48.76075446724024,1.5,16.57916841663165,0.25,6.6122565864833875,32.34887130749464,3.94979076120997,23.848786558805227,37.55,37.475074775673,5.14,49.25263022838081,10.4525,33.39356929212362,9.975,41.271197165274614,7.65,49.614291514413324,17.4,27.644472361809058,3.357142857142857,23.384398006990413,15.5625,39.94296577946769,38.52069813691963,3.995848422642645,32.80225668179525,221.77643396740604,221.77643396740604
95138,6085509853.0,6115.5,-121.7714335,37.254992924999996,15.075830002241725,25.76588502269289,0.042262325,28.29495955196015,7.9518338132499995,13.14561294337275,0.2693687285,54.2843808338519,412.560775825,46.7060072436618,20.08709828075,14.540012602394448,3.1672333344999997,33.4655172413793,80.224350925,21.5960240060015,1582.5750452500001,77.9875,13.4875,58.94456886898095,0.875,6.001992362609998,4.18125,73.78557246856387,3.0,33.1583368332633,0.75,15.9163802978236,36.68879125730125,4.479694125045902,34.36527691350342,31.535,27.6701146560319,4.1275,30.228380805748024,9.9675,30.215603190428716,9.975,37.58225765628955,7.6,46.59290837731763,11.575000000000001,14.648241206030159,5.550000000000001,47.6346954711088,10.75,21.36565272496831,31.4680586522729,3.264260478415255,23.93469490670703,216.04438865945343,216.04438865945343
95139,6085512034.5,4003.0,-121.76616824999999,37.22647125,10.146817627585575,13.287947554210799,0.04259906,29.8942128189172,7.810076149,11.7423771001867,0.12657179200000002,44.953329184816454,410.5211149,46.634195079305655,24.03292812,17.1329552614997,4.072729897,41.41379310344825,67.57950018,20.33008252063015,500.7094639,21.1375,11.95,62.0940649496081,3.75,22.82915490619295,0.1325,22.283256121773665,3.0,33.1583368332633,0.0,0.0,28.7941912764562,3.5157650354839447,15.5693839452396,33.225,30.30907278165505,4.495,39.6458814472671,7.475,10.300348953140581,9.95,40.64160971905845,7.75,52.070645554202144,9.15,8.831658291457295,3.2,19.5861530452889,10.7,17.08491761723705,27.98173279339735,2.902615171923415,17.27181038830055,198.6827302725152,198.6827302725152
95148,6085503339.2,5047.1,-121.78917914000002,37.332136580000004,12.21673764636835,18.71406959152798,0.04138681400000001,25.24206596141878,8.3921640657,21.561916614810222,0.077874998,25.747355320472934,387.64769886,41.37754464843263,25.946150107,20.06805293005673,0.016513302,3.672413793103452,124.03456979,26.157789447361846,750.05523162,37.0875,0.12,1.730123180291153,6.0,27.09613149593225,0.0935,15.553937789543355,0.2,2.49055018899622,0.0,0.0,19.86760273662225,2.4258303478526537,4.955818294959549,36.385000000000005,35.61939182452641,6.862,81.41904028740056,9.628,26.678713858424743,16.19,56.27689192609466,13.030000000000001,70.10014886994182,14.66,21.32412060301508,5.977777777777778,52.663543293423544,13.99,35.08998732572877,47.491377859975344,4.92639948103712,46.49268784669692,206.9083047311713,206.90830473117128
95206,6077002626.333333,4768.75,-121.29999754166666,37.923699675,56.02596696093587,89.77349134308288,0.04649737416666667,47.44555071561917,11.183460396333333,58.74818502385396,0.23185563983333335,55.28313627878034,508.722237775,55.53265892344202,57.8969737775,60.701533291325354,183.36797126933334,55.735632183908045,496.030726125,50.103150787696904,846.8204324833333,40.401041666666664,10.020833333333334,39.37725519472439,33.46666666666667,58.5726935635619,0.43625,45.525038605779834,11.5,83.02883942321155,3.2583333333333333,54.51890034364263,54.06408921466905,6.601214554396452,75.88363410080898,92.22416666666668,88.73795280824193,6.348333333333334,75.66183388931658,18.481666666666666,80.79199900299103,38.46666666666667,86.91575972327679,15.508333333333333,74.92105381873957,56.85,85.1392378559464,10.463636363636363,81.13080308551417,24.745454545454546,75.49026385528288,81.3213304361083,8.435665127234111,92.6269120860649,212.10211969929716,212.10211969929716
95219,6077003309.0,6923.8,-121.3702552,38.01426736,26.01934507964548,50.0605143721634,0.045589182,43.497199751089,10.509773058,52.219041692594885,0.1413397864,47.95519601742376,624.37285304,70.03122268015487,22.2114842506,17.560176433522383,596.8265398386,71.0896551724138,136.83157350599998,27.6219054763691,1824.8757308,81.89500000000001,0.72,11.340052258305324,5.88,31.353146272621622,0.126,22.194573130377236,14.6,92.35195296094076,0.0,0.0,44.80509807678034,5.4706935755675845,56.194150591163655,42.160000000000004,44.78564307078766,5.446,59.930715935334874,12.574000000000002,50.57328015952144,7.3,31.108580106302202,5.1,37.22019217756124,21.04,34.424623115577894,6.16,55.015616866215495,15.14,39.399239543726225,45.59843170854564,4.7300394393148135,43.7241553202219,217.3692831541219,217.3692831541219
95242,6077004160.714286,4254.142857142857,-121.33759257142857,38.13136704285714,20.917398736754844,37.33160435127153,0.04643193142857143,46.89127922481998,10.037009756142856,49.04613743443861,0.09661225699999999,34.17548226509023,743.1916379142857,83.31638387839212,31.54888553414286,29.444594472949856,298.1329230472857,73.79310344827589,43.88340917428571,16.772050155395984,493.4305931571429,21.62857142857143,0.2285714285714286,3.2208180024529445,11.907142857142857,28.77540855292804,0.32357142857142857,47.84721565661342,6.285714285714286,42.317153656926855,0.3,7.916871215840284,38.260797997978614,4.671635835835936,38.36252111298783,39.815714285714286,39.83584959407493,4.508571428571428,40.351552476263784,14.45142857142857,62.62284574846886,12.314285714285715,43.18436562172326,4.4399999999999995,27.329814589254294,25.62857142857143,41.69239052404881,5.142857142857143,38.97709526288393,10.957142857142857,20.334962882491403,41.185520129610154,4.27227707713555,37.126287731431454,209.02603657543173,209.0260365754317
95304,6077005303.0,13159.0,-121.3923065,37.74746806666667,31.830102817231733,61.615397545806026,0.04988862333333333,60.97904998962874,9.502473016000001,44.0779921178179,0.12246527366666667,43.45156606513169,770.1177749333333,86.08717372299236,27.086598993333336,22.1340054610376,641.6668344000001,85.35632183908046,142.99482383333333,28.294573643410867,821.9776501666666,44.387499999999996,14.316666666666668,53.47766579569494,94.61666666666667,94.41585035143062,1.4416666666666667,72.7994705493051,14.0,90.78118437631247,1.1666666666666667,31.630393279877836,57.437652860099696,7.013126005414796,83.29392242273383,34.96,33.15054835493516,5.56,63.89530408006157,13.246666666666668,53.11565304087736,19.666666666666668,60.73567873112293,2.9333333333333336,22.05530743898588,21.0,34.8994974874372,5.8,51.804615651570366,10.700000000000001,17.68483312209547,43.744910822433575,4.537769079032646,40.9144394015801,223.0890910351596,223.0890910351596
95322,6047002000.0,8712.0,-120.9591276,37.2000819,46.6892840802441,84.0519415027736,0.05025383,62.5513378967019,9.796189766,47.0192906036092,0.044664952,15.9427504667082,551.7862639,64.7308604970651,56.34017444,60.5040957781979,448.9397843,85.1379310344828,2.962579967,6.56414103525881,458.7369318,17.875,9.0,58.1746920492721,174.25,98.821185455753,0.1,16.6379880873594,20.0,98.42503149937,6.0,79.9541809851088,53.4946558144595,6.53168684933705,79.1537025513379,90.15,89.7058823529412,5.31,60.0590197587888,14.49,63.3973080757727,27.5,76.9298911667932,18.9,84.8964677222899,45.0,76.1055276381909,8.6,78.9692868297762,10.7,16.9201520912548,68.9091675760809,7.14812041011777,78.7317196167423,228.2146117225912,228.2146117225912
95360,6099003450.0,6841.0,-121.11150275,37.31965555,34.770402384956896,66.8746848209783,0.052041094999999996,64.83509645301805,9.819888109499999,41.51213441194775,0.05009023,18.556316116988175,702.7492638,81.46621706007244,63.02978018500001,68.50031505986135,326.01250600000003,83.25862068965515,7.4793283335,8.20830207551888,345.42755135,13.362499999999999,11.5,42.30123180291155,41.15,82.66644529304335,0.0,0.0,15.5,94.09911801763965,7.05,47.64032073310425,49.4220995453684,6.03442853781021,66.96950840074669,47.295,52.461365902293096,3.03,17.55837823967152,16.455,73.04960119641075,28.35,76.83497848645915,9.55,59.981052916497504,44.8,75.54020100502515,11.8,91.50832899531494,11.0,18.39670468948035,56.07101749900695,5.816386972868395,59.52471003530005,215.8142854157392,215.8142854157392
95363,6099003234.333333,9576.666666666666,-121.18755296666666,37.47886753333333,35.5503088671017,68.12489494032614,0.052827773333333335,67.77432068035677,10.101959039666667,49.27608380004147,0.09474607033333333,33.362372951669805,821.9372368999999,90.86632529869696,45.36988229666667,44.8897290485192,1100.9515821,88.26436781609193,30.461544466666666,14.416104026006535,270.8043725333333,8.35,11.966666666666667,49.60806270996637,30.25,68.9966240522442,0.8533333333333334,40.85153320097067,13.666666666666666,49.25101497970039,5.333333333333333,32.210767468499434,49.1611421292073,6.002565689130741,63.46401161584733,45.48333333333333,49.82552342971087,4.553333333333334,40.5824993584809,15.34666666666667,67.25656364240614,29.166666666666668,78.74377794651143,12.466666666666667,69.27414625343981,39.0,67.53350083752093,8.466666666666667,76.73520735727921,12.933333333333332,28.593155893536096,58.36540990059507,6.054390038810293,63.06522104555387,220.66213577122485,220.66213577122488
95377,6077005282.0,9096.0,-121.45240405,37.69305335,19.9949696190203,36.9515885022693,0.0501684575,61.944617299315496,8.5029967535,23.892345986309927,0.14231594125,45.084007467330395,410.66903135,46.42500312226802,14.053215431,7.649653434152482,114.16589416474999,55.836206896551744,104.6052249575,24.03413353338335,649.0482366000001,31.053125,8.375,28.50410600970511,44.025,63.66428690021583,3.015,78.81866313699538,3.5,23.341033179336424,2.9,23.940435280641474,39.2111593620689,4.787674769621702,42.56067205973865,42.12,43.84035393818545,4.7125,44.64973056197075,14.985,64.96448155533398,11.525,42.694887370286,4.45,33.7765597509812,13.675,18.86620603015075,5.574999999999999,51.16475793857367,8.025,7.604562737642598,40.98645839201178,4.25162790490706,36.74357034795765,206.3957483501166,206.3957483501166
95401,6097152987.166667,6777.0,-122.76098168333333,38.445855599999994,19.471134448400857,35.67826525466465,0.033619765,9.04169259489734,7.204250714333334,8.07093963907903,0.16117971666666667,49.473138353038784,239.16905596666666,18.25486033054412,41.20444431666667,39.54001260239445,36.75466158566667,39.36781609195402,0.0610423,2.052596482453947,1067.88635085,55.956250000000004,1.5083333333333335,15.083364439467458,68.10833333333333,77.81006143118047,0.29583333333333334,46.60269137436575,5.333333333333333,53.5769284614308,5.308333333333334,67.56013745704466,35.855321052096066,4.377927578541988,32.0929267786766,46.56166666666667,50.84122632103689,3.643333333333333,20.152253870498665,12.985,51.900548354935204,13.866666666666667,50.68126212773137,5.75,40.75652997699283,24.150000000000002,41.051088777219434,4.5,36.02073572791949,16.75,47.18419940853402,42.05171969291816,4.362130125655994,38.502269288956114,210.5056931643625,210.50569316436253
95403,6097152847.444445,5030.0,-122.75516933333334,38.4847112,17.917050481547033,32.31495489438001,0.03441848111111111,10.787526792505032,7.28410498588889,8.31777639493881,0.161728675,47.084284035124114,206.47432276666666,11.32897603485839,34.044914821111114,30.051109710845044,34.96763844777777,52.32567049808429,0.030230229777777777,1.5003750937734412,1100.9999721444447,56.99305555555556,9.233333333333333,28.764879100825347,29.805555555555557,64.68352795764385,0.8494444444444444,57.69688947716744,3.111111111111111,34.48831023379531,4.916666666666667,43.17169403080056,33.45275122965589,4.084574280442913,28.331604784622836,48.27777777777778,52.97441010302425,3.994444444444445,28.862657884982738,12.328888888888889,47.614102138030354,15.422222222222224,52.89096993728734,6.3375,37.67086209229937,27.133333333333333,47.1859296482412,4.1625,32.96785528370641,17.055555555555557,48.03830446415998,43.5790601996037,4.52056497885582,40.58525242337648,203.5812132083314,203.5812132083314
95404,6097152001.0,5191.8,-122.68529449,38.44604484,13.091645715157322,21.09808371154815,0.034064766,10.056004978220304,7.2968960477,8.4443061605476,0.1266332454,34.902302426882386,310.60127421,26.7041338828525,43.454775647000005,43.95841209829869,4.0142632216,28.76896551724139,0.7969272432000001,2.7231807951988003,789.6122941900001,40.61875,1.225,7.306830907054874,41.445,76.72422380873317,0.43499999999999994,47.42157511581732,4.5,47.36455270894586,0.73,21.768613974799543,29.720391089293543,3.6288538486609183,19.65525824517736,39.607,40.74277168494516,3.7019999999999995,26.4305876315114,10.817,36.291126620139565,7.529999999999999,27.032396861554037,3.18,23.04236026525917,23.35,37.75502512562815,4.6899999999999995,38.24830817282665,14.8,37.88086185044361,33.63997621700387,3.4895589230148927,26.94276348966212,198.32206754101827,198.32206754101827
95405,6097151668.0,5286.333333333333,-122.67329973333334,38.442715666666665,9.906819266309947,13.598924188939321,0.03419029,10.5662725575607,7.462350320333333,9.408836341008103,0.15738695066666666,44.7293092719353,152.97308583333333,5.033096040964157,48.658869939999995,49.569418189456,0.22273241166666669,27.701149425287337,0.025349122333333335,1.3878469617404334,836.5965454666666,46.80416666666667,0.0,0.0,53.71666666666667,71.78593170623724,0.17500000000000002,28.903595852636215,4.0,42.72014559708807,0.4000000000000001,13.585337915234826,26.733008692631298,3.2640950514102705,15.237502592823075,47.9,52.93702226653374,2.97,9.404670259173724,11.11,38.76703223662343,5.333333333333333,22.5343794819877,1.2,8.273559796093293,19.066666666666666,31.22696817420436,3.1,19.117647058823533,12.766666666666667,35.28939585973805,28.495649164139834,2.9559250032276765,18.024037653387133,210.23303571428573,210.23303571428573
95407,6097152868.5,7499.5,-122.7299941,38.4076021,34.191057175777615,65.3954446125399,0.03266888666666667,7.139597593860196,7.2734407565,8.336444721012237,0.29048636666666666,61.622070109935684,326.18363361666667,28.364764164689237,55.744807298333335,59.08212560386472,2.2329897801666667,29.793103448275883,0.4072236443333333,3.317496040676835,1331.8306761666668,65.33958333333334,6.833333333333333,46.76807266392931,79.59166666666667,92.90774254247606,0.5191666666666667,62.724465034193685,5.166666666666667,52.5654486910262,6.158333333333334,53.608247422680414,42.48786384159105,5.187759735721695,49.921178178801085,67.19833333333334,74.7175141242938,4.086666666666667,30.467881276195353,19.116666666666667,82.73928215353938,27.78333333333333,76.87505272926683,12.216666666666667,68.18920016240357,39.43333333333333,68.02345058626464,5.5,50.93267395453756,20.099999999999998,58.857203210815385,63.608537656666876,6.598272802807592,70.64212472684484,219.61117716124,219.61117716124
95409,6097152081.6,4128.4,-122.629205,38.4570787,7.287652524587588,7.493696419566318,0.034395662,10.7654013690106,7.3153618616000005,8.532669570628503,0.10273451460000001,32.13690105787182,271.58561274,22.300487073810405,27.11299125,21.771896660365464,1.7782851408,30.068965517241374,1.4007111466,2.77569392348087,618.2460579599999,30.330000000000002,0.0,0.0,13.25,35.885771210360296,0.052000000000000005,8.645929847782922,4.6,48.2444351112978,0.04,1.008018327605956,19.4757782308372,2.377988653524146,3.761045426260112,34.13,31.8444666001994,4.05,28.372252159781,8.3,16.383349950149533,6.42,26.34016704631739,2.54,19.29083773176343,19.619999999999997,31.982412060301492,5.82,51.853201457574166,16.22,44.5551330798479,29.51760739908862,3.0619352885712017,20.032778618255186,202.88271715750463,202.88271715750463
95421,6097154303.5,1991.5,-123.2605267,38.62695965,9.189856466512751,12.05244578920825,0.036671789999999996,13.3042937149969,5.668111805,2.333540759178595,0.0012477550000000001,0.45426260112009953,484.66403420000006,54.146371924566,33.02628641,29.99999999999999,0.9352433275,40.51724137931035,0.0002185,0.13128282070517625,103.55402069,1.19375,12.0,59.73310936916761,23.25,72.49709447119375,0.05,8.3189940436797,5.5,52.656446871062556,6.3,76.8041237113402,29.84071316441935,3.643545150134285,19.943995021779724,20.355,10.59945164506481,4.3,33.7310751860405,6.4799999999999995,7.396560319042886,6.15,26.524930397367747,2.6,19.894437677628908,24.55,43.46105527638195,5.5,51.2623633524206,15.15,39.3979721166033,23.291677089656098,2.416103956075565,11.66162380231972,200.24231744502677,200.24231744502677
95425,6097154201.5,5004.5,-123.06101720000001,38.7997678,21.24226711295395,39.10741301059,0.03809217,16.7766023646546,6.1959876205,3.839452395768515,0.0367531235,13.733665214685749,301.41739125,24.2600224803297,52.524719454999996,54.3100189035917,18.9727526845,60.224137931034505,0.0001315,0.1250312578144535,241.48581474999997,5.83125,24.5,85.90892123926835,27.3,73.05329569981735,0.15000000000000002,26.128391793514247,6.5,62.7152456950861,5.05,73.95189003436425,36.375531343126596,4.44144515174779,34.1692594897324,34.835,33.14431704885345,5.255000000000001,58.78239671542215,11.48,41.98030907278165,17.3,55.966843837003296,8.5,48.17972662065235,34.65,57.45603015075375,3.1,20.666319625195214,14.75,37.5792141951838,44.30265058238835,4.595624820175735,41.389309127584454,199.9505806325703,199.9505806325703
95436,6097153705.5,4188.0,-122.90720935,38.494443149999995,11.736941455161901,17.303328290469,0.03521715,11.5619166148102,5.933939676,2.93092719352831,0.0277912155,10.068450528935891,508.20035429999996,58.417634569751456,42.11035326,40.03780718336485,76.738526785,74.9310344827586,0.006762483,0.9752438109527359,429.63826135,16.35,0.0,0.0,22.8,71.74995849244564,0.15000000000000002,26.128391793514247,8.5,74.7270054598908,8.75,83.48224513172966,35.01192459051385,4.274949038106085,29.228375855631597,30.43,25.803838484546347,2.15,10.148832435206543,8.14,14.674725822532402,4.2,16.95773221969124,0.8,6.1375016917039,26.25,46.96608040201005,7.5,69.46902654867255,15.35,40.424588086185054,26.43339235187385,2.7420019429267697,15.14750378214825,202.3696988901744,202.3696988901744
95441,6097154100.0,3644.0,-122.8056815,38.707649,16.8241795476881,29.9798285426122,0.03716809,14.9222153080274,5.559013929,2.19041692594897,0.015138257,5.57560672059739,455.8597129,54.8020482078182,46.97489531,47.2211720226843,98.91380396,76.9655172413793,0.001588933,0.412603150787697,266.470801,6.7,1.0,17.077267637178,40.45,86.2693010127843,0.11,19.2455327597617,7.0,66.7366652666947,4.8,73.0355097365407,34.8900833923009,4.26007225200552,28.7367766023647,25.85,18.0333998005982,5.63,67.5647934308442,7.84,12.475074775673,17.5,60.6302201974184,7.6,51.5089998646637,21.2,36.5452261306533,3.1,18.3107756376887,17.2,50.2661596958175,38.0716828204767,3.94927094012732,32.3499747856783,225.96038735185792,225.96038735185792
95442,6097150500.0,4782.0,-122.5375898,38.3800529,5.82779024098922,4.36207766011094,0.03521715,11.5619166148102,7.427709431,9.2221530802738,0.040969638,14.7355320472931,483.6565605,58.4613463219683,41.91082168,39.760554505356,21.58258258,66.6551724137931,100.8435351,23.5683920980245,436.4163042,16.3625,0.0,0.0,3.6,23.6593059936909,0.7,78.3984116479153,4.0,43.7841243175137,0.75,25.7273768613975,31.4652451781611,3.84190018633242,20.8587429993777,23.14,13.3349950149551,2.93,8.41673081857839,6.97,7.51495513459621,2.7,9.28878764869653,0.9,5.64352415753147,19.8,33.7688442211055,1.4,2.73295158771473,16.4,46.020278833967,14.6232188062565,1.51690308397954,3.46696923852748,215.11620510526643,215.11620510526643
95446,6097153703.5,3788.5,-123.00736359999999,38.50478725,13.1013489153348,20.7639939485628,0.03521715,11.5619166148102,5.665799365,2.451773490976975,0.004565648,1.978842563783445,302.52128400000004,24.87198701136508,58.879080630000004,64.17139256458725,6.5152447405,56.48275862068965,0.001723783,0.43760940235058754,268.05969355,6.88125,0.0,0.0,9.0,43.5248215175162,0.0625,10.138980807412326,6.0,58.6938261234775,7.625,85.18900343642616,27.239569648035747,3.325946043447285,12.445550715619145,45.225,47.59471585244265,2.0700000000000003,6.780857069540685,10.04,29.92273180458625,7.35,31.65021513540875,1.65,12.78928136419005,31.75,56.5891959798995,7.05,53.98880791254555,27.55,85.64005069708494,38.11547256334115,3.953813359746265,32.1608673726677,210.53810872092532,210.53810872092532
95448,6097153902.6,3904.8,-122.85098864,38.6034096,11.590321420580421,17.438224911749877,0.036969567999999994,14.38456751711264,6.315295797,4.410703173615434,0.0849347994,23.932794026135657,365.04679796,36.26077182465342,37.900572302,35.72274732199119,35.226961984,66.66896551724139,0.0049219334,0.8427106776694172,680.4591615,34.505,0.2,3.4154535274356,24.66,62.22812551884444,1.26,72.63534083388484,6.4,61.385972280554356,3.12,37.43871706758304,33.8675956200884,4.135226698114452,28.893590541381446,32.586,29.31704885343968,3.63,21.344624069797295,8.764,19.431704885343958,6.62,27.241204758289065,5.12,33.80159696846664,14.319999999999999,21.012562814070343,3.825,28.793597084851644,13.14,29.15082382762992,25.899880845558577,2.686659459169236,15.282400403429147,207.26849321031364,207.26849321031364
95461,6033001300.0,7108.0,-122.5571962,38.7527742,15.7150361854176,27.1558245083207,0.03716809,14.9222153080274,3.914912252,0.385812072184194,0.013750739,5.11512134411948,351.2683056,36.2183089796428,30.93874248,25.0661625708885,28.05420611,68.3793103448276,0.000611333,0.250062515628907,190.552903,3.8875,9.0,58.1746920492721,7.0,37.605844263656,0.1,16.6379880873594,6.0,58.6938261234775,7.0,83.2760595647194,29.8112684338422,3.6399499543794,17.125077784692,50.19,56.8918245264207,4.67,43.0844239158327,11.74,44.0054835493519,12.8,50.2404454568464,4.2,32.6431181485993,20.8,35.929648241206,2.6,11.8688183237897,16.3,45.5513307984791,41.6202914288263,4.31737699209576,37.4684820978316,206.8220987491105,206.8220987491105
95465,6097154302.0,3848.0,-122.9858107,38.3754621,9.98556102465472,12.8845184064549,0.03304924,7.51711263223398,5.994869087,3.12383322962041,0.005256016,2.24019912881145,651.3338531,71.9995004371175,28.6005229,22.2558286074354,6.700226728,56.9310344827586,0.000558233,0.225056264066016,212.6255982,4.575,0.0,0.0,6.1,35.1153910011622,0.21,37.6836532097948,10.0,82.9693406131877,4.0,70.4238258877434,29.1517777792962,3.55942627645353,15.980087118855,13.32,2.39282153539382,5.0,52.3607903515525,6.4,4.91026919242273,5.2,22.2222222222222,0.0,0.0,19.8,33.7688442211055,6.5,62.402394586153,17.7,52.6108998732573,27.0444162701686,2.80538498316755,15.8976298537569,200.25360344635828,200.25360344635828
95472,6097153461.8,5149.2,-122.83036855999998,38.386719359999994,10.16440592530236,13.915784165405961,0.032136392,6.611076540136899,6.5887121804,5.311761045426261,0.0566053878,20.749222153080282,431.14717490000004,47.55089296865242,42.806057386,41.37114051669816,60.025013206,70.75862068965519,0.0046809799999999995,0.7851962990747686,486.87060226000006,20.5875,1.8,11.63493840985442,22.85,67.49460401793127,0.065,10.859033752481812,6.8,64.0235195296094,4.4399999999999995,61.81443298969073,32.1988860976982,3.9314775968852844,23.49471064094587,32.342,29.04287138584248,3.568,19.75365665896843,8.344,16.4332003988036,6.0,24.71779296380663,1.36,10.066314792258765,15.919999999999998,24.28643216080404,4.380000000000001,33.5059864653826,15.9,43.38910012674274,24.46818405816854,2.538145968337356,13.345940494200708,213.92054579660012,213.92054579660012
95476,6097150240.875,4532.875,-122.470538775,38.2955857125,11.029003912247493,15.859808371154806,0.03634666625,13.68543870566275,7.957630215,13.363410080896076,0.0679921845,25.084007467330437,362.524635275,36.141813413263385,38.95854758875,37.19911783238816,42.959798836125,65.82758620689656,326.777334875,43.09046011502875,537.65686815,24.2125,0.0,0.0,12.4125,51.263905030715584,0.138125,23.87326273990735,2.375,27.525199496010075,1.70625,27.096219931271488,30.200933631649125,3.687527997632688,18.929682638456754,28.495,22.428028414755737,4.1875,35.010905824993586,8.7475,19.27187188434698,11.375,39.887053910402436,3.7625,20.93145215861416,19.325,30.981469849246224,4.185714285714286,31.016211794452296,16.1125,42.211660329531036,29.042766899154124,3.012678895140171,19.93034543620777,212.51790923274825,212.51790923274825
95492,6097153804.75,5358.5,-122.81545225,38.546808375,14.732852390344572,24.706883509833574,0.035730575,12.5886745488488,6.5587859569999996,5.180460485376478,0.18640060749999998,53.03360298693215,204.60845360000002,12.56400649431746,20.228119024999998,13.030875866414627,35.25900657725,60.775862068965495,0.010710975250000001,1.0721430357589399,856.2269784499999,45.921875,6.8375,32.92739828294138,10.075,41.36642869002161,0.385,53.2958305757776,5.0,49.6167576648467,7.65,72.00458190148912,33.62802484822293,4.105975154455463,29.511512134411948,39.6975,41.033150548354946,3.7575000000000003,25.016037977931724,12.6925,51.3802342971087,13.7,51.23070108833205,2.225,16.15238868588441,16.625,26.32223618090454,3.875,30.93115564809996,11.3,19.94296577946765,34.02951520883477,3.529966777528138,26.04009077155825,203.6441440343985,203.6441440343985
95616,6113010570.363636,4553.545454545455,-121.76640607272726,38.55445487272727,14.068055707958326,22.937010039884452,0.04543747090909091,42.75386094925608,8.748688386909091,31.361656389658876,0.10436125363636363,36.3602421225321,437.9723834090909,50.74082904731086,29.28737668,25.21395428767828,57.40643937318182,55.24137931034484,131.59573294545456,27.073813908022455,553.0358247272727,25.36818181818182,1.718181818181818,12.76595744680851,18.886363636363637,27.195749626432008,0.41363636363636364,56.080861560676254,0.09090909090909091,1.1320682677255545,0.3909090909090909,8.441112152452355,31.550543089688418,3.8523150443872427,23.79136731345815,24.783636363636365,16.356611982235084,2.5536363636363637,13.144143513658522,9.69090909090909,27.5083839390918,1.9727272727272727,6.764685580175334,4.081818181818182,28.40709162268238,49.46363636363637,79.22910004568297,6.181818181818182,54.22601864559178,28.318181818181817,80.70975918884665,34.43518874746215,3.5720483089601585,26.927749507174624,214.30374569426988,214.30374569426988
95618,6113010606.5,5398.75,-121.710543825,38.54959685,17.372231710779594,30.07123045890065,0.0447656675,39.383945239576875,8.706944825499999,30.006222775357802,0.21633470475,63.46297448662102,430.778282675,50.268515049331825,24.54007923825,18.597983616887202,40.124313537,55.49999999999998,159.13649750000002,30.295073768442126,985.8075471,54.475,15.075,69.22825681224336,24.125,73.1321600531297,0.33375,47.17405691594968,0.25,3.113187736245275,0.0,0.0,41.34232034585595,5.0478891024309895,46.611698817672675,25.9925,18.5007477567298,3.9699999999999998,31.302925327174766,9.775,27.922482552342977,2.466666666666667,8.774150004218333,5.05,35.6848017323048,30.724999999999998,48.89447236180902,5.2,46.681415929203524,16.9,41.97718631178708,32.759811286282826,3.39825721198188,25.192259203227447,217.30679839396456,217.30679839396456
95620,6098804782.0,5529.4,-121.78814316,38.4362235,25.43521360447814,48.50731215330308,0.044555972,37.6378344741755,8.4140458488,21.067828251400122,0.13050799740000002,40.86123210952085,538.74254536,62.37542150618208,38.530625554,35.9269061121613,373.08579722,83.7448275862069,111.62953337399999,24.91122780695174,1240.1230176,57.725,11.14,49.37290033594624,59.67,78.89091814710278,1.169,77.6651224354732,5.2,36.74926501469972,7.8,50.66208476517757,49.91020920044316,6.094026629741942,68.50777846919728,52.50599999999999,58.63409770687938,2.884,12.101616628175517,13.49,56.375872382851426,17.4,55.512528473804096,5.18,35.809987819732044,23.22,39.32412060301506,4.6,35.739198334200935,11.780000000000001,24.24588086185046,40.248436062244636,4.175071001608138,35.72617246596066,220.14544824202085,220.14544824202085
95641,6067009800.0,1514.0,-121.6964377,38.0962278,29.1109495282379,57.0600100857287,0.04486563,37.7846919726198,8.399921942,20.2738021157436,0.045646349,16.3036714374611,650.8954954,71.9370550768078,47.29096653,47.6748582230624,106.1874724,77.5862068965517,199.7350006,34.6961740435109,562.5389294,25.6625,0.2,2.59425158641284,27.5,77.4696994853063,0.3,50.1389808074123,13.0,91.8731625367493,1.0,35.7159221076747,44.8460477487168,5.47569352237722,56.2538892345986,45.21,49.0653040877368,3.85,23.0561970746728,15.28,68.2701894317049,14.1,53.4042014679828,2.6,20.584652862363,38.1,66.3065326633166,7.7,73.4122852680895,20.5,64.8162230671736,51.2510046319116,5.31639497522491,52.3701462430661,226.15018394446489,226.15018394446489
95687,6095252978.307693,5226.076923076923,-121.95691612307692,38.33996852307692,15.438091101206778,26.399394856278374,0.043578096153846155,34.000287205016484,7.758154992538461,11.43171700732372,0.11207534123076922,37.03412952946243,298.37120407692305,23.045220047842744,22.150368405916666,17.310438983406858,18.67660714030769,28.511936339522553,394.1959201307692,46.812664704637704,917.3450590307692,40.26923076923077,0.2692307692307692,3.0378729146926213,8.076923076923077,28.839448779677905,0.23461538461538461,38.97571654024334,2.4615384615384617,26.944076503085356,0.3230769230769231,10.957793638206011,27.201121734089046,3.3212515607912745,14.653199942558992,75.47769230769231,82.27816550348952,4.369166666666667,36.96860833119495,14.91,65.93392898228396,9.592307692307692,34.9444152405428,2.5416666666666665,18.934677674019945,18.741666666666667,29.42629815745394,3.909090909090909,30.478917230609067,11.791666666666666,25.43409378960709,44.41070082195017,4.606833141940423,41.846318709026725,238.40449277416656,238.40449277416656
95688,6095253115.875,4861.125,-121.989233025,38.384841375,20.8456155882394,38.81272062531519,0.043719855,34.43683883011821,7.849979812375,12.064405724953325,0.090541002375,29.716863721219667,339.0582157875,28.94342450355939,35.011280484125,33.06553245116571,55.319111500375,50.13362068965519,329.75054295,43.38428357089271,670.9343379625,31.654687499999998,6.0,34.371500559910416,8.35,25.047733687531125,0.563125,49.64262078093977,4.0,41.857412851743,3.1875,44.03780068728523,34.94710932045766,4.267035106506439,32.25108898568762,85.45125,87.68382352941177,3.71375,24.005645368231967,15.46875,68.72819042871389,9.9625,39.56593267527209,2.575,18.20104208959264,20.075,32.80464824120605,5.825,48.75553097345132,13.25,29.94138149556399,46.99646343523487,4.875060769147396,45.66628845184065,214.73714526248472,214.73714526248472
95690,6067009900.0,3571.0,-121.5387474,38.2710059,32.7935693702117,63.666162380232,0.045341,40.0497822028625,8.577980889,25.1026757934039,0.05715427,20.8960796515246,802.18762,93.8054202572749,67.23002815,75.5135475740391,905.9156328,88.5862068965517,52.3824336,18.4046011502876,563.7974825,25.7875,4.9,41.6200074654722,54.5,91.217001494272,0.4,61.5751158173395,18.0,97.5220495590088,2.5,59.1752577319588,55.7527799316988,6.80740335552225,83.7958929682638,42.4,45.2268195413759,2.85,7.42879137798306,12.86,53.0533399800598,23.6,70.8301695773222,12.2,69.2245229395047,43.1,73.5301507537688,5.5,51.2623633524206,12.0,23.3713561470215,46.4400147602402,4.8173389554784,45.0201714573878,218.1384369252945,218.1384369252945
95694,6113011300.0,9111.0,-122.0245787,38.5786038,22.4090279920143,43.0534543620777,0.04578521,42.6011200995644,7.792276471,11.6739265712508,0.017235276,6.2974486621033,475.9818747,57.599600349694,41.22799451,38.8783868935098,314.5205774,83.3448275862069,78.7606354,21.3678419604901,166.4936235,2.9125,16.0,76.7263904441956,26.0,75.9754275278101,0.6,74.7319655857048,3.0,33.1583368332633,1.0,35.7159221076747,41.8101738434782,5.10501392156123,48.0024891101431,46.1,50.610667996012,3.89,24.0826276623043,14.08,60.7178464606181,18.3,61.8071374335611,6.4,45.3782649884964,16.8,26.3819095477387,5.2,46.9937532535138,10.7,16.9201520912548,42.3166454179456,4.38961153413684,38.6283408976299,225.72397208829688,225.72397208829688
